file,mfcc_1,mfcc_2,mfcc_3,mfcc_4,mfcc_5,mfcc_6,mfcc_7,mfcc_8,mfcc_9,mfcc_10,mfcc_11,mfcc_12,mfcc_13,mfcc_14,mfcc_15,mfcc_16,mfcc_17,mfcc_18,mfcc_19,mfcc_20,bandwidth,rolloff,zero_cross,chroma,centroid,rms
genres/rock/rock.00000.wav,-116.60436248779297,109.25070190429688,-23.16513442993164,40.68873977661133,-11.888446807861328,23.158090591430664,-15.411177635192871,15.128495216369629,-13.530739784240723,12.694693565368652,-10.873740196228027,8.501457214355469,-11.581521987915039,2.19919490814209,-6.184312343597412,1.992846131324768,-7.954800128936768,2.0888876914978027,-2.400472640991211,-1.545837640762329,2097.080527547891,4227.935352015661,0.09022025147428461,0.3875771164894104,1996.327664393569,0.1291273534297943
genres/rock/rock.00001.wav,-111.223876953125,134.12847900390625,-24.652063369750977,41.5244026184082,-3.0621228218078613,28.46531867980957,-10.584465980529785,14.914134979248047,-14.39198112487793,8.840387344360352,-4.53418493270874,9.93485164642334,-4.67330265045166,3.615293025970459,-5.549786567687988,3.3586604595184326,-4.94900369644165,-1.478705644607544,0.09375731647014618,-5.355480194091797,1845.6148917301423,3271.9227518670245,0.05495977438611756,0.36539575457572937,1529.474960625274,0.18046966195106506
genres/rock/rock.00002.wav,-120.40322875976562,117.5633316040039,-27.613574981689453,42.830257415771484,-6.729610919952393,21.62424087524414,-12.094098091125488,17.932443618774414,-10.451455116271973,12.271442413330078,-6.544394493103027,13.512890815734863,-2.4091861248016357,6.697930335998535,-3.151547431945801,5.4549880027771,-2.2361843585968018,1.0509148836135864,-1.6529502868652344,-0.04047330841422081,1983.9737890802326,3929.5264578197507,0.07680441258217324,0.4368056058883667,1875.3156310172185,0.14866214990615845
genres/rock/rock.00003.wav,-156.5401153564453,130.71360778808594,-1.4661558866500854,36.21728515625,0.36736375093460083,31.95513343811035,-0.6156162619590759,20.145870208740234,-11.344086647033691,13.852133750915527,-3.7818546295166016,11.536494255065918,-3.2097268104553223,5.060293674468994,-1.7767232656478882,3.542736053466797,-2.43756365776062,-0.7245974540710449,-1.4206228256225586,0.6529505252838135,1902.678466514731,3042.4933838457077,0.0430986562258314,0.3799488842487335,1421.4459797175737,0.15129947662353516
genres/rock/rock.00004.wav,-127.94886779785156,134.44508361816406,1.018328070640564,54.44925308227539,-0.4540105164051056,35.81970977783203,-10.859722137451172,16.39126205444336,-10.03281021118164,6.5908708572387695,-6.69504976272583,11.037278175354004,-8.38153076171875,2.1022591590881348,-6.341281890869141,0.9903460741043091,-5.316258907318115,-0.8457283973693848,-4.655758380889893,-4.789689540863037,1841.6748085310571,2938.9907872317285,0.04107944520978345,0.3727978765964508,1345.6930613276413,0.20873917639255524
genres/rock/rock.00005.wav,-62.32036590576172,153.77755737304688,-55.120445251464844,28.00035285949707,-6.835791110992432,17.45644187927246,-22.60428237915039,18.130939483642578,-12.575697898864746,4.493540287017822,-8.381609916687012,7.209059715270996,-2.5195834636688232,4.835717678070068,-6.270183563232422,-0.7175832986831665,-2.2724545001983643,-5.242400169372559,-5.217888355255127,-6.273050785064697,1591.7341647634241,2869.736475402407,0.07702117471481051,0.37673479318618774,1542.1318211375358,0.20384015142917633
genres/rock/rock.00006.wav,-98.35863494873047,136.56776428222656,-46.69626235961914,46.458587646484375,-17.120960235595703,10.5321626663208,-14.555085182189941,16.543956756591797,-12.294143676757812,3.7012367248535156,-12.640328407287598,2.943016290664673,-12.501708030700684,0.10497777909040451,-0.7759729623794556,-5.692803382873535,-8.626591682434082,-1.8932971954345703,-2.1970021724700928,-3.4007527828216553,1653.832825402155,3255.085885386456,0.08730529171500387,0.344534307718277,1676.1187569165281,0.1800919771194458
genres/rock/rock.00007.wav,-140.43687438964844,149.29367065429688,-10.06617546081543,38.77676010131836,1.553337812423706,20.10894775390625,-11.329270362854004,16.2784366607666,-13.238435745239258,10.17703628540039,-9.24842357635498,4.6952338218688965,-8.369308471679688,2.274568557739258,-6.503378868103027,-1.6295522451400757,-6.494120121002197,-4.714331150054932,-2.569852113723755,-1.788253664970398,1729.518368098313,2675.7877641930104,0.047179750942575406,0.3591925799846649,1282.1659089735388,0.15709714591503143
genres/rock/rock.00008.wav,-14.908175468444824,138.4268341064453,-41.8852653503418,22.062822341918945,-18.657800674438477,31.99559211730957,-20.35655975341797,15.694174766540527,-17.338973999023438,14.860864639282227,-8.898305892944336,12.252060890197754,-5.819881439208984,9.969904899597168,-3.1631436347961426,1.979085087776184,-6.919935703277588,3.126352071762085,-2.9822700023651123,-6.675492763519287,1842.4518125434777,3362.185676025957,0.08495074137180975,0.4087803363800049,1717.1319766865513,0.26094314455986023
genres/rock/rock.00009.wav,-178.57798767089844,154.01588439941406,-4.962449550628662,21.934083938598633,-2.0543856620788574,23.676729202270508,-1.2855753898620605,11.557677268981934,-6.028604507446289,4.941261291503906,-2.9380595684051514,5.409701824188232,-4.121319770812988,2.985503911972046,-5.319483757019043,-8.831205368041992,-11.076913833618164,-3.205465316772461,3.8585588932037354,3.5549752712249756,1607.5045113960184,2367.1951470961426,0.04253295992846094,0.37627077102661133,1181.2313375423403,0.12824872136116028
genres/rock/rock.00010.wav,-108.91384887695312,114.95105743408203,-5.211310386657715,46.188785552978516,-9.133746147155762,20.5158634185791,-17.023136138916016,24.219799041748047,-8.048905372619629,13.437288284301758,-18.375913619995117,8.582782745361328,-11.399687767028809,1.8852862119674683,-10.553509712219238,-0.2568356394767761,-11.796140670776367,-6.499556064605713,-4.30270528793335,-2.736910343170166,2182.337251735809,4191.638665077581,0.07170823665893271,0.39824119210243225,1857.9488683792245,0.15351396799087524
genres/rock/rock.00011.wav,-169.6363983154297,119.08700561523438,7.178452491760254,53.41263198852539,4.132238388061523,23.1241455078125,-5.710699558258057,24.979970932006836,-9.318578720092773,13.471597671508789,-14.267766952514648,5.952583312988281,-13.591863632202148,0.750749945640564,-10.454511642456055,0.0821218341588974,-4.370571136474609,1.1737557649612427,0.48949533700942993,-5.829229831695557,2037.4465260691763,3416.7514455843966,0.05433025787896365,0.3432268500328064,1537.5906799015593,0.12341582030057907
genres/rock/rock.00012.wav,-204.57351684570312,106.97721099853516,-10.207574844360352,45.58831787109375,3.0321738719940186,24.00311851501465,-7.5036749839782715,20.072660446166992,-5.162975788116455,8.743988037109375,-10.10770320892334,4.366062164306641,-6.955887794494629,4.708366394042969,-8.220146179199219,-0.8146955370903015,-9.630578994750977,-7.387330532073975,-9.438676834106445,-3.135941982269287,2067.364799504786,3986.1156490175463,0.0682249371616396,0.3388158977031708,1863.6767997588174,0.07591646164655685
genres/rock/rock.00013.wav,-211.27947998046875,95.7034912109375,40.66031265258789,68.32311248779297,5.3227739334106445,30.9410343170166,-5.283857822418213,22.81182861328125,-1.5985389947891235,17.492416381835938,-11.49882698059082,8.72770881652832,-10.444212913513184,5.703927040100098,-7.907339096069336,3.7158823013305664,-6.62519645690918,-1.2755088806152344,2.786104440689087,6.271296501159668,2238.440283224861,3825.590865628625,0.04610991275135344,0.44036754965782166,1597.531261046634,0.133714959025383
genres/rock/rock.00014.wav,-256.3488464355469,103.12139892578125,-8.430392265319824,48.59880065917969,-4.187839031219482,17.345722198486328,-6.686840534210205,17.043678283691406,-4.618224143981934,5.320812702178955,-10.026878356933594,8.226202011108398,-6.2075514793396,3.4330332279205322,-3.659522294998169,1.7026937007904053,-5.417051315307617,-3.2474403381347656,-3.8774912357330322,-1.0322400331497192,2008.4182196333072,3986.1489563696346,0.0835791733130317,0.3806428015232086,1937.046639153859,0.05365990474820137
genres/rock/rock.00015.wav,-174.91249084472656,90.92642974853516,-18.718109130859375,41.620025634765625,-8.878430366516113,9.088252067565918,-12.459863662719727,13.13078498840332,-9.689802169799805,4.343286514282227,-13.479689598083496,6.744278907775879,-10.38773250579834,7.144446849822998,-5.78956937789917,0.8012742400169373,-8.137650489807129,-5.713690280914307,-3.3508570194244385,-0.41717788577079773,2098.9040134877414,4500.098052766096,0.11416000519624904,0.34373143315315247,2335.5626669025687,0.08230483531951904
genres/rock/rock.00016.wav,-15.524081230163574,99.9170913696289,-37.429176330566406,45.791595458984375,-20.603975296020508,25.47589874267578,-18.47053337097168,26.344499588012695,-20.008743286132812,20.96514320373535,-13.496513366699219,10.81645679473877,-15.384134292602539,3.5381388664245605,-7.563174247741699,3.7982850074768066,-7.982644557952881,6.8192572593688965,-1.9356205463409424,3.7738146781921387,2221.392842617579,5024.264179415603,0.1428334058391338,0.4615265727043152,2459.4994227321536,0.18455268442630768
genres/rock/rock.00017.wav,-41.370513916015625,105.39511108398438,-43.92924880981445,54.10839080810547,-18.41267204284668,23.522890090942383,-17.610891342163086,20.660818099975586,-18.45555877685547,17.474151611328125,-15.171713829040527,11.307512283325195,-14.155024528503418,2.8250892162323,-9.470646858215332,3.3382728099823,-8.199739456176758,3.6971046924591064,-3.6733028888702393,-0.15938648581504822,2061.011695460337,4528.650780343677,0.14054758495262953,0.4188845157623291,2312.1602850682593,0.16609615087509155
genres/rock/rock.00018.wav,-67.56018829345703,109.12596893310547,-32.71223831176758,45.654109954833984,-11.67725658416748,27.489498138427734,-16.32882308959961,22.079599380493164,-15.444430351257324,19.390316009521484,-11.603704452514648,11.57481575012207,-10.506814002990723,4.440585136413574,-7.006341457366943,5.023102760314941,-6.752905368804932,3.8088467121124268,-2.6430823802948,-0.07043962180614471,2142.705184287607,4593.583463239559,0.11578005667536737,0.48029303550720215,2209.0430756402216,0.14072614908218384
genres/rock/rock.00019.wav,-84.14443969726562,102.3315200805664,-41.339683532714844,47.02589797973633,-16.934818267822266,26.223608016967773,-18.940040588378906,18.7878360748291,-21.684877395629883,11.04576301574707,-19.228940963745117,5.224470615386963,-16.749980926513672,1.0920828580856323,-9.663456916809082,1.0935523509979248,-7.528377056121826,3.2432610988616943,-4.710637092590332,-0.3245947062969208,2118.8552224064333,4701.482630329177,0.12819063285479504,0.43586745858192444,2321.1894793178103,0.11226458847522736
genres/rock/rock.00020.wav,-56.91801834106445,115.20155334472656,-30.428829193115234,37.185611724853516,-21.979665756225586,21.861988067626953,-19.756681442260742,14.988837242126465,-24.08341407775879,17.775672912597656,-17.280603408813477,6.736527442932129,-10.73528003692627,0.8109800219535828,-10.165843963623047,3.6863269805908203,-8.55049991607666,-0.9122313261032104,-2.5247745513916016,-1.9659615755081177,2120.361766639533,4432.584050083382,0.11753303545533643,0.3979596793651581,2188.143059972821,0.15254956483840942
genres/rock/rock.00021.wav,-55.29413604736328,114.41451263427734,-34.02534866333008,37.986053466796875,-22.318174362182617,18.52752113342285,-18.148191452026367,13.80643367767334,-27.795074462890625,18.157400131225586,-14.619770050048828,6.545058727264404,-8.257499694824219,-2.2586514949798584,-11.598118782043457,2.491812229156494,-10.934321403503418,0.7070462703704834,-0.6763436198234558,-0.0660272017121315,2060.799798330065,4245.91299530525,0.121568436412413,0.3929155468940735,2158.206042091368,0.16151903569698334
genres/rock/rock.00022.wav,-34.60441589355469,106.49451446533203,-41.06208801269531,33.66541290283203,-27.230453491210938,21.40528678894043,-21.311342239379883,14.014238357543945,-27.774105072021484,16.053916931152344,-18.81686019897461,5.643858909606934,-14.295787811279297,0.806476354598999,-10.535531997680664,4.440657138824463,-7.464095115661621,2.0706379413604736,-2.8975894451141357,-0.36327868700027466,2113.03859330357,4595.3987139283645,0.13844302856728538,0.4157695472240448,2342.440835994473,0.1739187240600586
genres/rock/rock.00023.wav,-88.32022094726562,105.42356872558594,-24.499752044677734,41.843143463134766,-22.350811004638672,23.718286514282227,-19.77800750732422,15.135784149169922,-27.095399856567383,13.849635124206543,-15.200919151306152,8.92723560333252,-12.789690971374512,-1.1162225008010864,-10.041492462158203,1.777038812637329,-7.339207172393799,7.090200424194336,0.5906115770339966,2.502074718475342,2207.0114781032335,4847.943384298869,0.11556707088650425,0.2942067086696625,2294.7859066741844,0.13575759530067444
genres/rock/rock.00024.wav,-52.450714111328125,99.70700073242188,-47.378662109375,47.02061462402344,-21.012163162231445,22.886743545532227,-18.273773193359375,13.884708404541016,-23.441791534423828,13.509797096252441,-18.65899085998535,5.705027103424072,-12.884092330932617,1.1866999864578247,-12.405954360961914,0.38221046328544617,-9.143440246582031,1.5826388597488403,-4.1260085105896,0.30538180470466614,2044.8497065345282,4466.382685614849,0.14343044578982986,0.40506237745285034,2320.3026430769382,0.15664248168468475
genres/rock/rock.00025.wav,-47.014434814453125,95.7666015625,-43.919960021972656,52.06837463378906,-22.54633140563965,20.865589141845703,-18.6646728515625,19.256175994873047,-21.242740631103516,21.88429069519043,-19.212247848510742,9.447266578674316,-12.588509559631348,3.8864362239837646,-8.493315696716309,6.269396781921387,-9.121825218200684,2.68847918510437,-2.444329023361206,-1.8837140798568726,2115.3185409630846,4735.3645342408645,0.15782813406322505,0.41503527760505676,2510.230989913879,0.14919933676719666
genres/rock/rock.00026.wav,-58.95429611206055,106.57882690429688,-31.80813217163086,47.91427993774414,-17.42659568786621,27.7563419342041,-14.011198997497559,22.417743682861328,-20.547344207763672,19.562061309814453,-14.579082489013672,10.17251968383789,-10.945103645324707,4.5226664543151855,-9.720911979675293,4.611316204071045,-10.109052658081055,1.4524500370025635,-2.9995203018188477,-0.623819887638092,2150.1343895611285,4602.92617550029,0.12290601737722351,0.38326525688171387,2263.1554320011815,0.15271958708763123
genres/rock/rock.00027.wav,-123.32942962646484,74.8833236694336,-17.064664840698242,31.612314224243164,2.5440168380737305,17.3306884765625,-3.8126938343048096,9.729454040527344,-7.2345123291015625,11.266803741455078,0.3798721432685852,3.473367929458618,1.6683629751205444,-3.159484386444092,-1.08194899559021,0.31769275665283203,-5.988237380981445,-0.3201696574687958,-2.33970308303833,-4.321177005767822,2440.309175639267,5445.858736303938,0.13342209570917182,0.40252918004989624,2669.22560161555,0.07920479029417038
genres/rock/rock.00028.wav,-92.61326599121094,101.84728240966797,-33.5036735534668,48.73548126220703,12.39688777923584,20.828033447265625,8.695999145507812,9.283455848693848,2.7715423107147217,5.24054479598999,-9.33555793762207,-3.4862782955169678,-4.364505767822266,-4.65304708480835,-3.969280958175659,-3.127223014831543,-7.0042643547058105,-0.394842267036438,-1.139599323272705,-6.002429962158203,2069.9845717514618,4095.247188134426,0.10197110039636505,0.4428023099899292,2046.7124171448247,0.13885585963726044
genres/rock/rock.00029.wav,-42.36763000488281,85.04695892333984,-7.381762504577637,40.71787643432617,-1.0101426839828491,18.92351722717285,-3.5419209003448486,5.873317241668701,-5.019628047943115,4.245726108551025,-3.176356315612793,-0.5796383619308472,-0.5282158851623535,2.344768524169922,-0.3677547872066498,-4.109806060791016,-3.8579113483428955,-3.911564826965332,-5.783242702484131,-4.332928657531738,2434.018848357299,5173.47278993257,0.11150145917923433,0.41837257146835327,2445.028012751343,0.18016409873962402
genres/rock/rock.00030.wav,-131.39100646972656,67.75204467773438,32.891807556152344,34.58958053588867,-3.290926218032837,21.88511085510254,-5.811896324157715,10.232671737670898,-7.052405834197998,2.2946088314056396,-4.372934818267822,-3.315171718597412,-6.280130863189697,-0.22300320863723755,-1.9581859111785889,-1.903336524963379,-0.8857057690620422,0.9506203532218933,-1.5463097095489502,-1.1734920740127563,2831.211162656776,6333.376345888921,0.11491716212296983,0.390347421169281,2944.36059987096,0.0965365618467331
genres/rock/rock.00031.wav,-89.06488037109375,81.37017822265625,-12.575956344604492,22.780820846557617,-7.058200836181641,-0.4909479022026062,2.752371311187744,-3.44333815574646,-7.706244468688965,-0.840143620967865,-4.882663249969482,-2.685865879058838,-5.295064926147461,-4.599853038787842,-2.9735512733459473,-2.2117457389831543,-3.5625438690185547,-1.001371145248413,-0.492525190114975,-0.9664377570152283,2512.6776729910293,5302.980101689385,0.1324454393851508,0.3691340684890747,2639.202418488209,0.12621743977069855
genres/rock/rock.00032.wav,-26.373275756835938,85.87699890136719,-17.215627670288086,35.31352615356445,9.981064796447754,10.664373397827148,1.3970551490783691,4.579900741577148,-0.11463390290737152,2.1050095558166504,0.3250819444656372,5.394779205322266,-1.009469985961914,0.3750895857810974,-1.608872890472412,-2.461991310119629,-5.952542304992676,-1.5894556045532227,-6.753542423248291,-1.354669451713562,2374.870288330456,4728.699625029819,0.11589709565839694,0.38318464159965515,2344.557639711626,0.22194220125675201
genres/rock/rock.00033.wav,-119.02601623535156,128.91758728027344,-17.843860626220703,29.18918228149414,2.7047345638275146,8.01036548614502,-7.065365314483643,3.8829586505889893,-1.5174132585525513,-3.9849109649658203,-7.044123649597168,-2.8645405769348145,-4.177641868591309,-1.8521994352340698,-2.949378490447998,-2.2482924461364746,-0.5673907399177551,-0.09743674844503403,-2.7929491996765137,-2.6198809146881104,1947.8924998890382,3431.423334179234,0.07487394564481825,0.32338282465934753,1673.8775736070381,0.12796016037464142
genres/rock/rock.00034.wav,-28.014150619506836,65.66490173339844,-7.318475723266602,33.75423049926758,11.125958442687988,14.607216835021973,2.095346212387085,10.01047134399414,-0.22599564492702484,10.134689331054688,-2.854555368423462,3.0994691848754883,-1.6647870540618896,-0.11211878061294556,-1.669014573097229,1.8637665510177612,-3.9507837295532227,-1.6526248455047607,-6.456862449645996,-3.960848569869995,2648.300008566272,5831.991493155103,0.13492539898700306,0.42152464389801025,2788.2505763444437,0.1911093294620514
genres/rock/rock.00035.wav,-123.99871826171875,109.50567626953125,5.87239408493042,32.9123420715332,10.975379943847656,11.695226669311523,12.67606258392334,12.977776527404785,1.643832802772522,4.497046947479248,9.67236328125,3.057766914367676,3.534780979156494,0.7352405786514282,1.7633308172225952,-0.6841249465942383,-0.03129184618592262,-1.0092920064926147,-5.568184852600098,-0.8457868695259094,2422.01464866055,4270.518801660382,0.05698049593967518,0.4572056233882904,1867.0823938993342,0.12415813654661179
genres/rock/rock.00036.wav,-0.4043724536895752,72.34305572509766,-13.06217098236084,23.926010131835938,10.236516952514648,10.320724487304688,-5.020275592803955,14.341697692871094,-0.6971623301506042,9.891172409057617,0.7274041771888733,5.227027893066406,-4.0964250564575195,0.29685667157173157,-0.3125324249267578,-1.2390633821487427,-6.156087398529053,1.02190363407135,-3.3812668323516846,1.3316112756729126,2621.669424488226,5897.606074892241,0.14704748862547892,0.42791327834129333,2850.226846254986,0.21639539301395416
genres/rock/rock.00037.wav,-71.10186004638672,79.46031188964844,-20.802478790283203,30.649808883666992,5.5317792892456055,3.704883337020874,4.7048468589782715,7.271781921386719,-5.485699653625488,2.504566192626953,0.8454153537750244,-0.5800405740737915,-1.8925809860229492,-4.790430068969727,-3.0421624183654785,-3.8648159503936768,-6.895787239074707,-3.773963212966919,-4.7946553230285645,-4.793741226196289,2442.6025693699467,5047.113022948086,0.14627101157675948,0.45182573795318604,2626.720259282235,0.11341319978237152
genres/rock/rock.00038.wav,-15.90069580078125,67.15052032470703,-20.123926162719727,15.575632095336914,4.801239490509033,10.82636833190918,5.956949234008789,11.79601001739502,-0.39812609553337097,5.653122901916504,0.1135878935456276,1.0963842868804932,-1.7399611473083496,5.707215309143066,-0.5920247435569763,1.724953293800354,-1.576261043548584,1.5818852186203003,0.4147748053073883,2.9363038539886475,2633.9440022869453,5862.41455078125,0.14055017052051083,0.41153910756111145,2794.957193727644,0.21938663721084595
genres/rock/rock.00039.wav,-50.8197135925293,86.39903259277344,-14.426875114440918,12.827899932861328,21.69257354736328,4.236032962799072,1.7399673461914062,3.704418659210205,4.68683385848999,-1.8586658239364624,-1.1932456493377686,-0.01730150729417801,-4.12717866897583,-5.767579555511475,-1.0703105926513672,2.293288230895996,-1.577072024345398,-3.855846405029297,-6.143477916717529,-5.3790812492370605,2730.992873729278,5446.934477414443,0.12275949523878577,0.4425903260707855,2559.136373910091,0.14438317716121674
genres/rock/rock.00040.wav,-65.87250518798828,61.285213470458984,-1.9332399368286133,35.3099365234375,9.310933113098145,7.553760051727295,3.409196376800537,2.9783859252929688,4.60882568359375,2.912954807281494,1.7757071256637573,-0.39103493094444275,-5.758023738861084,-3.4912750720977783,-3.683500051498413,-5.717879772186279,-3.953057050704956,-3.092344284057617,-2.7311832904815674,-0.9097856879234314,2778.0497581299255,6131.200718713747,0.14475178847641146,0.41608867049217224,3009.95870728667,0.14293496310710907
genres/rock/rock.00041.wav,-35.36510467529297,73.69174194335938,-20.223358154296875,17.173336029052734,14.942774772644043,10.210005760192871,7.599674224853516,1.5906624794006348,4.178072929382324,0.7501521706581116,-0.3836774528026581,-1.309778094291687,-2.0369949340820312,2.530243158340454,3.611295700073242,-3.5426254272460938,-4.794722557067871,-2.497168779373169,-3.9729363918304443,-0.8262656927108765,2688.0583992667252,5677.17987556192,0.14835555334010053,0.40217289328575134,2806.851354542389,0.1607728749513626
genres/rock/rock.00042.wav,-74.15765380859375,76.73171997070312,-3.8050575256347656,28.03116798400879,8.135431289672852,6.01695442199707,4.302546501159668,0.5089253187179565,2.8486578464508057,-0.9421547055244446,-2.3508810997009277,-0.281954824924469,-1.455036997795105,-3.6079928874969482,-1.5248281955718994,-1.5141911506652832,-5.02191686630249,-2.397029399871826,-2.9789066314697266,-4.951615333557129,2732.148131217895,5878.322974822361,0.13765528325599383,0.44442814588546753,2794.8155285561966,0.11899858713150024
genres/rock/rock.00043.wav,-62.10362243652344,75.8746109008789,-26.72690773010254,18.281871795654297,2.455672025680542,5.829482078552246,11.57897663116455,0.012980379164218903,8.694456100463867,5.511981010437012,-0.24890047311782837,2.3993897438049316,-1.743302822113037,-3.171022653579712,1.9983534812927246,-1.4140065908432007,-5.527466297149658,-2.5263633728027344,0.623389720916748,-1.4016369581222534,2541.9339835576243,5326.586687481874,0.14395686811194897,0.4201561510562897,2739.3914429411548,0.13985833525657654
genres/rock/rock.00044.wav,-118.38878631591797,130.28025817871094,-3.0986406803131104,15.73269271850586,3.9477157592773438,10.670721054077148,6.8390727043151855,3.391141653060913,0.7649096846580505,-2.5392611026763916,-3.1020350456237793,-2.865225315093994,-1.6170181035995483,-0.19643421471118927,0.7391790747642517,2.021258592605591,2.0773189067840576,4.152264595031738,3.1551613807678223,2.256852149963379,2103.471127949069,3455.029919971723,0.06890203560034802,0.31169411540031433,1651.4210859526786,0.14435631036758423
genres/rock/rock.00045.wav,-172.66830444335938,142.81161499023438,-55.8074836730957,79.35564422607422,-1.8818436861038208,4.808470249176025,0.23975355923175812,-11.508140563964844,-0.26469936966896057,-9.36111068725586,-7.662811756134033,-11.26601791381836,-5.677097797393799,-11.290265083312988,-7.691379070281982,-4.284111499786377,-11.281557083129883,-7.829481601715088,-7.715234756469727,-8.141011238098145,1568.3083114814192,3242.912048198231,0.07895466272718484,0.36123377084732056,1560.999791662268,0.0969948023557663
genres/rock/rock.00046.wav,-83.02229309082031,91.50739288330078,-13.686454772949219,16.135133743286133,10.327317237854004,5.532702922821045,-9.451708793640137,-6.61823034286499,-3.031458854675293,4.936923503875732,2.641906261444092,1.0506525039672852,-3.672375440597534,-1.609096646308899,-4.434048175811768,-1.8641427755355835,2.0099198818206787,-1.0255950689315796,-3.182710886001587,-2.29581618309021,2502.187147828332,5035.530391259425,0.11818445475638051,0.3614591658115387,2429.0310406215276,0.12068000435829163
genres/rock/rock.00047.wav,-58.28053665161133,62.515708923339844,-12.653743743896484,31.9462890625,8.123329162597656,2.2665762901306152,3.909532070159912,1.4517309665679932,-2.718959331512451,1.102556586265564,-0.45947110652923584,-2.382993698120117,1.2368342876434326,-1.5003302097320557,-0.4651925563812256,1.0460506677627563,-2.067274808883667,-1.5083409547805786,-3.205564498901367,-5.050679683685303,2691.218979858164,5962.032677457946,0.1562231879592034,0.46135929226875305,2997.7243180550076,0.13896891474723816
genres/rock/rock.00048.wav,-93.35513305664062,137.51014709472656,-45.12419509887695,37.83511734008789,-9.430243492126465,12.60779857635498,-7.477382183074951,5.53848123550415,-3.740675449371338,-2.0107381343841553,-2.4532086849212646,-9.576945304870605,-3.1661536693573,-5.562342643737793,-7.493702411651611,-5.680335521697998,-2.012359857559204,-3.877739429473877,-6.207239151000977,-8.08910083770752,1700.7996696798043,3183.8414592698664,0.08525284887374324,0.3216451108455658,1646.2120742875447,0.14561142027378082
genres/rock/rock.00049.wav,-142.38595581054688,116.14379119873047,2.2419347763061523,31.063636779785156,6.186804294586182,0.11899863183498383,0.31888347864151,7.794076919555664,3.2438158988952637,-3.017302989959717,1.7079139947891235,0.73486328125,0.14488688111305237,-4.421131134033203,-4.469478607177734,0.5117109417915344,1.2204910516738892,-0.15880216658115387,-2.6132800579071045,-4.447031497955322,2333.872696012749,4495.809731184745,0.09133351761890951,0.39628517627716064,2077.9426068946104,0.10101725161075592
genres/rock/rock.00050.wav,-144.92921447753906,118.45985412597656,20.52532196044922,28.56648826599121,2.356901168823242,10.068706512451172,11.915094375610352,4.8483686447143555,-0.08706105500459671,3.294273853302002,3.415107488632202,3.6551239490509033,5.368890762329102,2.258662462234497,1.8697552680969238,0.8672704696655273,-1.1829516887664795,0.81402188539505,1.8143583536148071,1.7905938625335693,2312.3145902638166,3811.160455336427,0.05330347000676721,0.3944813907146454,1721.0884600743702,0.14130212366580963
genres/rock/rock.00051.wav,-66.25296020507812,66.77490997314453,25.188461303710938,26.302621841430664,5.29506254196167,10.453683853149414,2.4647645950317383,0.7481766939163208,-0.37290096282958984,1.727807879447937,3.2179853916168213,5.040107250213623,-1.9380590915679932,-3.0762953758239746,0.3806244730949402,-0.7770251035690308,3.7182395458221436,2.4007620811462402,0.1985551118850708,-1.7035627365112305,3055.5155084952553,6732.67320955989,0.12085810614849188,0.36874136328697205,3031.033547083498,0.16175979375839233
genres/rock/rock.00052.wav,-181.19644165039062,103.43150329589844,9.393625259399414,19.079553604125977,13.766514778137207,-0.5169497132301331,4.391875743865967,-7.613846302032471,-8.117013931274414,-0.13673517107963562,-5.177655220031738,-6.308765411376953,-5.4577507972717285,-5.9792561531066895,-1.1765353679656982,-2.6675262451171875,-5.184910774230957,-5.28818941116333,-5.7923150062561035,-3.710500955581665,2448.8232515356754,4462.710550047129,0.08856659053557618,0.34060633182525635,2186.622282256858,0.11339797079563141
genres/rock/rock.00053.wav,4.113659381866455,52.607852935791016,-11.054241180419922,19.703702926635742,11.282636642456055,7.0598602294921875,5.063941955566406,4.56258487701416,0.02808666229248047,5.1574907302856445,3.407085418701172,1.1723328828811646,0.5823385715484619,1.2732157707214355,0.7170007228851318,-0.8071607351303101,-3.0105831623077393,-1.7136579751968384,-1.694629192352295,-1.2963584661483765,2933.0695625255,6920.301850710557,0.18754758193155452,0.40918099880218506,3361.7232515596666,0.19022750854492188
genres/rock/rock.00054.wav,-156.25491333007812,75.62688446044922,-16.519718170166016,16.34125518798828,5.802772521972656,6.013739109039307,-4.144253253936768,-3.765199899673462,-6.169507026672363,-8.927266120910645,-4.095037460327148,-2.1989924907684326,-4.644524574279785,-5.415280818939209,-4.686643600463867,-7.079800128936768,-3.8885347843170166,1.381452202796936,-2.0033721923828125,-4.719515800476074,2550.0968218724747,5309.858069895592,0.13240314433488012,0.3466607928276062,2632.220428269073,0.06548378616571426
genres/rock/rock.00055.wav,-91.87751007080078,129.96360778808594,1.8399266004562378,11.62120246887207,3.2252414226531982,-1.9737918376922607,-2.2213592529296875,-0.8553542494773865,-4.343144416809082,-3.542452812194824,-1.5522987842559814,-0.5443567633628845,0.4022161066532135,-1.6455848217010498,-4.572035789489746,-2.969520092010498,-4.28713846206665,-2.674295663833618,-3.5484459400177,-1.4400341510772705,2249.6966046524685,3618.6606139428654,0.06657807364172467,0.4316466748714447,1712.3913159202511,0.147184818983078
genres/rock/rock.00056.wav,-7.846319198608398,59.52973937988281,3.6470236778259277,28.992725372314453,4.147531986236572,10.272941589355469,2.5541839599609375,7.595524787902832,-1.4041885137557983,2.967205286026001,4.057470798492432,-0.7476741671562195,1.0662553310394287,-3.0478482246398926,-1.0136525630950928,-0.6937577724456787,-0.681638240814209,1.524250864982605,-0.4558418393135071,0.5050333738327026,2913.5861724636466,6717.201944514936,0.17753347351121423,0.4883268177509308,3303.1623095043396,0.17575035989284515
genres/rock/rock.00057.wav,-58.55695343017578,64.90806579589844,15.93084716796875,5.427918434143066,7.524633884429932,9.887823104858398,1.5966023206710815,5.354762554168701,-1.238444447517395,-2.0374083518981934,2.4421563148498535,-0.7227544188499451,-0.3107388913631439,-1.4809681177139282,3.2931594848632812,3.6426732540130615,-2.506272792816162,-1.153748869895935,-2.3037524223327637,-2.2147772312164307,3241.6056538718703,7660.024833236659,0.17507016446732404,0.390014111995697,3488.554942688446,0.12264493107795715
genres/rock/rock.00058.wav,-141.97598266601562,96.97872924804688,23.25932502746582,10.460342407226562,6.2951579093933105,4.960869312286377,1.0645637512207031,1.097262978553772,-4.850176811218262,0.8708900213241577,-3.4576876163482666,-2.0098395347595215,-5.899570465087891,-6.029272556304932,-2.109433174133301,-6.166144371032715,-0.3062991499900818,5.088569641113281,0.12827229499816895,1.6784214973449707,2790.267286242716,5499.143751812645,0.09895493462393658,0.30106404423713684,2438.007049398,0.08749311417341232
genres/rock/rock.00059.wav,-219.1385040283203,94.37486267089844,42.79938888549805,16.122365951538086,9.510043144226074,12.903564453125,7.734829902648926,2.399282693862915,-1.0276505947113037,-1.9617953300476074,-1.9812366962432861,3.1592109203338623,-0.8843566179275513,-6.856637954711914,-5.075782299041748,-4.031532287597656,-5.606118202209473,-4.996884346008301,-2.506060838699341,-4.285003185272217,2927.1009651696518,5643.69765987529,0.08653680575696056,0.33942294120788574,2424.136647569096,0.05121036246418953
genres/rock/rock.00060.wav,-82.66226959228516,83.51815032958984,-0.5964781641960144,10.499347686767578,10.424860000610352,7.068727016448975,5.0751471519470215,0.07442726194858551,-0.20453999936580658,-0.9293245077133179,-0.09547828882932663,-1.7032333612442017,-1.0227441787719727,0.17293407022953033,2.39475417137146,-0.4486582577228546,0.8540911674499512,-1.8566477298736572,-4.514400005340576,-3.199925661087036,2891.1325552715184,6203.0446771679235,0.13464402673047177,0.4055355191230774,2796.5121705291363,0.10332649946212769
genres/rock/rock.00061.wav,-193.723876953125,98.46675872802734,44.08891296386719,23.789506912231445,12.586642265319824,8.464341163635254,2.1726577281951904,-0.35842379927635193,-8.178156852722168,-9.113446235656738,-5.2323899269104,-4.8482561111450195,-1.3783491849899292,-1.2735496759414673,3.210052013397217,3.686427116394043,1.3913320302963257,2.7136390209198,1.7002063989639282,-1.8049801588058472,2738.959855266697,4685.844828523782,0.06905497752320186,0.2998379170894623,2071.3773180976523,0.08835335075855255
genres/rock/rock.00062.wav,-212.31834411621094,65.7469482421875,45.2390022277832,19.758045196533203,11.825958251953125,8.06445598602295,4.427166938781738,4.214715957641602,-2.321349620819092,-2.2002146244049072,-1.6368210315704346,-4.667688846588135,-3.723400115966797,-6.773165702819824,-2.994112014770508,-6.5123372077941895,-10.918867111206055,-3.398632049560547,-1.2025080919265747,-3.103192090988159,3203.4242569712314,6984.035468931264,0.10852154630703789,0.31957700848579407,2947.0945067509,0.060483284294605255
genres/rock/rock.00063.wav,-302.8009948730469,116.25703430175781,44.67257308959961,25.954822540283203,18.713714599609375,7.564361095428467,7.338470458984375,4.035091876983643,-4.181306838989258,0.8766509294509888,0.9490008354187012,2.8155672550201416,1.3997373580932617,-3.477090835571289,-0.8906264901161194,0.588553249835968,-0.8078811764717102,-2.374793291091919,0.3680282533168793,-1.8573908805847168,2308.7232473023273,3491.6763341067285,0.05584948097931168,0.32968220114707947,1711.0402197518183,0.053093068301677704
genres/rock/rock.00064.wav,-118.77013397216797,104.4413070678711,-29.19000816345215,42.110748291015625,-13.301787376403809,29.06765365600586,-20.87103843688965,21.608064651489258,-24.334909439086914,10.731156349182129,-15.102882385253906,5.9365973472595215,-11.795083045959473,-0.9125735759735107,-11.019352912902832,-0.19894377887248993,-6.908480167388916,-1.2982218265533447,-6.322543621063232,-2.7033536434173584,2181.0186798110285,4689.616886147767,0.10636978562451663,0.3743366301059723,2181.21508104674,0.10710582137107849
genres/rock/rock.00065.wav,-95.21841430664062,103.80914306640625,-37.007137298583984,52.68180847167969,-20.745136260986328,27.570621490478516,-17.521621704101562,24.801406860351562,-11.290413856506348,16.639890670776367,-9.241016387939453,10.179927825927734,-8.779463768005371,1.8355755805969238,-3.9495604038238525,2.1687586307525635,-6.696205139160156,5.100369453430176,-9.699679374694824,-3.9632105827331543,2104.262107537013,4730.135279963022,0.12909317901682135,0.3952118456363678,2294.1799286661003,0.11473215371370316
genres/rock/rock.00066.wav,-245.0742645263672,95.08673858642578,-21.253005981445312,45.65330505371094,-3.5506203174591064,14.969260215759277,-20.669944763183594,19.526763916015625,-21.70514678955078,7.320756435394287,-9.284710884094238,0.8070131540298462,-13.011667251586914,0.05520230904221535,-8.230670928955078,1.054474949836731,-8.027088165283203,-0.39886775612831116,-4.355213642120361,-4.2258100509643555,2175.0500246582487,4575.11453650667,0.10714657953886311,0.36021119356155396,2209.483104262664,0.04301047697663307
genres/rock/rock.00067.wav,-123.63532257080078,94.74609375,-9.547330856323242,53.261260986328125,-13.755654335021973,17.744606018066406,-19.210248947143555,25.292116165161133,-18.701066970825195,15.393392562866211,-12.507927894592285,9.379049301147461,-11.604130744934082,0.6676329970359802,-6.986574172973633,3.363722801208496,-7.143608093261719,0.5125424861907959,-8.738076210021973,-1.4559470415115356,2339.3380807012736,5213.025270537268,0.11988569762664346,0.3928094208240509,2414.1524666266187,0.10026669502258301
genres/rock/rock.00068.wav,-121.09469604492188,91.7310791015625,-14.718755722045898,52.959842681884766,-11.411077499389648,31.013080596923828,-17.487842559814453,24.18987464904785,-24.778718948364258,17.113903045654297,-15.878265380859375,10.379855155944824,-8.625669479370117,7.147679328918457,-11.8358736038208,3.1692252159118652,-10.36174201965332,1.5051158666610718,-10.361337661743164,-2.4803857803344727,2399.022703619505,5402.860523763776,0.11827508700696056,0.4019314646720886,2467.2846541733365,0.09121294319629669
genres/rock/rock.00069.wav,-203.3212432861328,85.39739227294922,-11.569629669189453,54.75181198120117,-11.601974487304688,20.566944122314453,-27.755733489990234,18.865310668945312,-31.640573501586914,10.687629699707031,-11.921196937561035,4.130110740661621,-3.9905507564544678,1.735222578048706,-7.9034247398376465,4.30145263671875,-11.238261222839355,-1.1915901899337769,-5.031789779663086,-2.362556219100952,2345.0077751682225,5364.440493130075,0.13763375809648104,0.31149059534072876,2568.4195371989717,0.04701695591211319
genres/rock/rock.00070.wav,-202.1905059814453,75.24043273925781,-14.23118782043457,66.31370544433594,-8.296059608459473,24.382715225219727,-16.23752784729004,17.131715774536133,-21.283479690551758,3.9712135791778564,-19.755735397338867,0.4848134219646454,-4.507318019866943,-5.360584735870361,-8.961426734924316,-0.03758576139807701,-8.024484634399414,-0.5136576890945435,-6.791537284851074,-8.440156936645508,2244.999643528133,5129.5154120142115,0.13911899410286155,0.36797142028808594,2511.603899555407,0.05413790047168732
genres/rock/rock.00071.wav,-79.77385711669922,109.91620635986328,-17.1200008392334,47.19410705566406,-11.917439460754395,33.3115348815918,-11.698197364807129,23.627981185913086,-13.662324905395508,18.438425064086914,-6.940276145935059,13.03133487701416,-11.585789680480957,9.09384536743164,-5.953073024749756,4.911369800567627,-8.713643074035645,3.7098541259765625,-5.1023359298706055,2.6223864555358887,2215.3786034918608,4571.101000580046,0.09080369658739366,0.45434069633483887,2025.1566621224267,0.16104255616664886
genres/rock/rock.00072.wav,-95.34222412109375,112.45150756835938,-2.0791540145874023,47.04607009887695,-10.372159004211426,29.78736114501953,-15.109572410583496,20.193784713745117,-12.66992473602295,16.498878479003906,-7.8627028465271,11.873173713684082,-11.193713188171387,8.863516807556152,-4.952907562255859,0.9272282719612122,-6.105757713317871,3.2460925579071045,-8.062711715698242,0.7365413904190063,2211.3144886847113,4359.69923687645,0.08170157518851508,0.4034348726272583,1933.3485732197412,0.16546505689620972
genres/rock/rock.00073.wav,-61.665348052978516,103.57051086425781,-16.919374465942383,49.25115966796875,-14.82153034210205,31.695236206054688,-17.21596908569336,24.62058448791504,-14.488048553466797,18.022090911865234,-11.675249099731445,11.473424911499023,-9.82712459564209,8.855284690856934,-8.56753921508789,4.410294055938721,-8.277467727661133,1.5914101600646973,-7.033373832702637,-0.8227433562278748,2287.733702241294,4917.43917443083,0.11002037715100542,0.45852890610694885,2223.937480185976,0.16936026513576508
genres/rock/rock.00074.wav,-83.33853149414062,103.88961029052734,-13.957626342773438,56.89555358886719,-14.430039405822754,32.19624328613281,-14.127815246582031,19.162757873535156,-9.334484100341797,13.170979499816895,-11.711214065551758,8.413893699645996,-9.387063026428223,10.224671363830566,-4.208459377288818,5.6240081787109375,-6.38099479675293,1.7978063821792603,-5.5740532875061035,-0.44584184885025024,2245.944001907389,4831.439591339182,0.09114092408642692,0.39439260959625244,2140.28934341281,0.15387822687625885
genres/rock/rock.00075.wav,-113.62223052978516,94.92950439453125,-4.112512588500977,51.76709747314453,-13.76554012298584,34.333858489990234,-17.59123992919922,22.532880783081055,-12.393167495727539,17.19369125366211,-9.221487998962402,9.966312408447266,-13.465614318847656,7.58017635345459,-7.255154132843018,3.636932849884033,-8.45637035369873,0.38851943612098694,-9.238386154174805,-0.2881355881690979,2355.239840182318,5092.402694949971,0.11151731982308585,0.4085943400859833,2301.799132172464,0.12693482637405396
genres/rock/rock.00076.wav,-132.35986328125,124.67930603027344,-9.692183494567871,46.44977569580078,-6.306234836578369,30.53589630126953,-11.143628120422363,20.407442092895508,-11.217024803161621,9.374005317687988,-5.829392433166504,7.81775426864624,-8.729966163635254,5.614586353302002,-4.094543933868408,-0.636447548866272,-8.116252899169922,-0.6753263473510742,-7.607761859893799,-0.20863384008407593,1953.2594080450185,3580.1906222810326,0.07118068143368136,0.3455831706523895,1659.5793609914585,0.1458403617143631
genres/rock/rock.00077.wav,-103.92620086669922,101.89701843261719,-10.333826065063477,43.66537857055664,-11.502655029296875,26.939300537109375,-9.989593505859375,25.012075424194336,-14.20889949798584,19.70700454711914,-10.527982711791992,12.671107292175293,-12.682394027709961,6.856680393218994,-6.081290245056152,5.4570231437683105,-6.241044998168945,-1.4614777565002441,-8.244150161743164,-3.277006149291992,2350.874065187932,4993.946162177349,0.10623761359242073,0.45531725883483887,2187.9774769670657,0.12874574959278107
genres/rock/rock.00078.wav,-131.03684997558594,110.95929718017578,-2.090045690536499,41.79464340209961,-3.181393623352051,34.660194396972656,-17.58405876159668,19.8662109375,-9.130135536193848,14.881084442138672,-6.831485748291016,9.200371742248535,-6.958526134490967,6.318209648132324,-9.619305610656738,0.508520781993866,-12.77067756652832,-4.898367881774902,-2.520796060562134,-3.1299076080322266,2204.9360327687336,4287.030921458092,0.0717101248308198,0.35806241631507874,1878.5499522327996,0.14442037045955658
genres/rock/rock.00079.wav,-91.36003112792969,112.10653686523438,-27.335477828979492,47.97822189331055,-19.59246253967285,27.710073471069336,-18.5474853515625,17.426401138305664,-13.1589994430542,14.412482261657715,-15.208943367004395,11.531826972961426,-12.579558372497559,0.8990740180015564,-10.44654369354248,-0.6211528182029724,-13.479133605957031,3.3085291385650635,-3.7049572467803955,1.0854963064193726,2107.1653549837815,4479.264304034948,0.10910574668890177,0.3600420355796814,2148.4104634928817,0.11672379821538925
genres/rock/rock.00080.wav,-87.93524169921875,93.54093933105469,-23.228315353393555,48.12937927246094,-21.444286346435547,27.764524459838867,-20.341323852539062,18.75678253173828,-15.220047950744629,16.141910552978516,-21.414989471435547,10.870141983032227,-12.027434349060059,5.1267218589782715,-7.30377197265625,4.663019180297852,-10.169024467468262,5.500854969024658,-4.371570587158203,0.31149688363075256,2318.7369513172825,5339.410018035818,0.14967274204853054,0.36860451102256775,2606.182823508925,0.10438394546508789
genres/rock/rock.00081.wav,-121.42923736572266,89.53305053710938,-33.49178695678711,41.95674514770508,-25.946231842041016,23.038278579711914,-20.25088119506836,14.371906280517578,-16.334672927856445,17.049949645996094,-16.959684371948242,9.146634101867676,-10.105940818786621,4.20657205581665,-9.359294891357422,1.613547682762146,-10.549461364746094,1.0744085311889648,-1.640009880065918,7.538989067077637,2219.0532815955767,5123.411839744054,0.1361319061774942,0.33566150069236755,2553.527051364547,0.09366793930530548
genres/rock/rock.00082.wav,-95.40745544433594,78.32220458984375,-26.208145141601562,44.2337532043457,-22.456995010375977,29.738494873046875,-21.565364837646484,23.943618774414062,-16.56526756286621,20.46426010131836,-19.622135162353516,13.875713348388672,-12.617700576782227,6.239651679992676,-7.657079219818115,7.398812294006348,-9.407916069030762,9.644919395446777,-3.7741217613220215,1.0628563165664673,2423.2738978652515,5926.577001160093,0.1837123271945089,0.3826536536216736,2975.8049828513485,0.09334027022123337
genres/rock/rock.00083.wav,-119.11598205566406,107.41968536376953,-10.963197708129883,58.54692459106445,-12.912310600280762,26.82684326171875,-17.63045310974121,19.362964630126953,-15.589882850646973,13.559527397155762,-16.66526222229004,11.856937408447266,-12.183959007263184,5.2323994636535645,-6.1645965576171875,4.242696285247803,-8.038069725036621,3.52168607711792,-7.680919170379639,-1.3476954698562622,2245.520377684671,4690.041554886891,0.09278892050947408,0.3787199854850769,2116.2405499597653,0.10172751545906067
genres/rock/rock.00084.wav,-94.23828887939453,91.88724517822266,-17.597841262817383,45.528438568115234,-15.696354866027832,32.63811111450195,-18.00921058654785,21.570484161376953,-15.722556114196777,16.80390739440918,-18.289548873901367,13.33776569366455,-15.457866668701172,5.199561595916748,-11.220283508300781,6.204747200012207,-7.954122066497803,7.709860324859619,-4.602059364318848,0.5332213640213013,2376.1761138607603,5390.270344674449,0.1392005631283836,0.356677770614624,2581.468840079423,0.10688646137714386
genres/rock/rock.00085.wav,-185.48324584960938,98.93486785888672,-36.44368362426758,44.42976760864258,-17.74923324584961,21.29684066772461,-20.288938522338867,13.789440155029297,-15.501605987548828,11.035818099975586,-16.785043716430664,2.3354713916778564,-12.626744270324707,0.16199861466884613,-4.4091386795043945,-2.4682486057281494,-8.971213340759277,6.871621608734131,-6.688626289367676,-1.2092586755752563,2057.933231915773,4508.4748518162705,0.12097706097737819,0.3217203915119171,2255.709363679899,0.06300616264343262
genres/rock/rock.00086.wav,-160.12548828125,88.7306900024414,-35.470550537109375,47.491371154785156,-12.599652290344238,17.294118881225586,-19.137306213378906,14.594136238098145,-20.37380027770996,11.094916343688965,-11.138630867004395,7.6935648918151855,-9.857305526733398,6.985853672027588,-10.131648063659668,3.068221092224121,-7.953609943389893,0.6915637254714966,-4.923191547393799,-2.612470865249634,2133.5466713711307,4830.457024452581,0.14628158533932714,0.39093196392059326,2521.2287252293986,0.0762890949845314
genres/rock/rock.00087.wav,-42.63793182373047,102.98484802246094,-36.875816345214844,44.521514892578125,-11.99771785736084,25.574941635131836,-22.66596794128418,28.342710494995117,-19.27147674560547,21.48001480102539,-15.25805377960205,11.749435424804688,-11.577686309814453,4.780168533325195,-13.02847671508789,4.356227874755859,-11.953028678894043,0.8982188701629639,-0.4709143042564392,1.297605276107788,2208.0438982387473,4818.974314820186,0.12855316185711524,0.39284762740135193,2334.498686202529,0.16584347188472748
genres/rock/rock.00088.wav,-117.9446029663086,84.05170440673828,-50.263206481933594,46.04821014404297,-17.69472312927246,20.85264778137207,-21.63174819946289,16.669788360595703,-12.948233604431152,12.832052230834961,-13.078577041625977,11.30333137512207,-12.595672607421875,4.37865686416626,-12.067964553833008,0.67022305727005,-6.792088985443115,4.458619594573975,0.24444584548473358,0.4444318115711212,2078.7108590039293,4889.402710810615,0.16172267739752513,0.40824049711227417,2590.730305970988,0.08958272635936737
genres/rock/rock.00089.wav,-156.28372192382812,130.7914276123047,-25.243066787719727,43.490840911865234,-12.144820213317871,25.385927200317383,-7.945211410522461,17.611833572387695,-8.625636100769043,9.563426971435547,-8.3616361618042,5.762592792510986,-7.044095516204834,-1.8950731754302979,-7.680999279022217,2.9990642070770264,-6.434685707092285,-1.310410499572754,-7.83788537979126,-4.157109260559082,1815.875982771266,3380.2299340197214,0.07325653760634183,0.34333881735801697,1609.7388932606377,0.10523093491792679
genres/rock/rock.00090.wav,-88.98157501220703,86.208251953125,-24.397998809814453,47.084251403808594,-33.65226745605469,29.450218200683594,-19.74358367919922,21.62602424621582,-16.73943519592285,6.527689456939697,-13.384119033813477,7.481564044952393,-12.840420722961426,8.586320877075195,-7.887773036956787,11.493600845336914,0.6768790483474731,9.795699119567871,-2.1254489421844482,0.5903568863868713,2249.878669717205,5213.208460973753,0.12063605713457076,0.25570148229599,2495.723201525459,0.15472376346588135
genres/rock/rock.00091.wav,-74.27574157714844,100.12572479248047,-47.36396789550781,49.61735534667969,-18.41378402709961,24.616348266601562,-15.919292449951172,23.896038055419922,-22.835342407226562,23.332420349121094,-16.944992065429688,14.93431568145752,-11.496363639831543,4.225530624389648,-13.626978874206543,4.4815993309021,-11.661917686462402,4.326303482055664,-10.593506813049316,-0.8460017442703247,2123.3134567075813,4754.174861332656,0.15013458889211137,0.4435068964958191,2474.2574228047565,0.10828357934951782
genres/rock/rock.00092.wav,-70.07804870605469,94.17369842529297,-50.334232330322266,46.96176528930664,-16.11083984375,19.991676330566406,-23.955488204956055,16.349712371826172,-22.18329429626465,14.42868709564209,-20.08934783935547,12.140612602233887,-14.777017593383789,4.9023847579956055,-13.630019187927246,0.8244489431381226,-15.053773880004883,-1.6061280965805054,-16.089317321777344,-2.186192274093628,2102.1553488865507,4687.127161579177,0.15093857248163187,0.4166245460510254,2471.353262989943,0.10691297799348831
genres/rock/rock.00093.wav,-114.75440979003906,119.28787231445312,-50.736270904541016,42.61271667480469,-6.700479507446289,19.69576644897461,-16.883298873901367,19.384830474853516,-17.405479431152344,17.29852294921875,-10.864877700805664,6.6548943519592285,-15.763324737548828,3.5411243438720703,-7.764150619506836,3.375858783721924,-7.69006872177124,1.6089918613433838,-10.703717231750488,-0.5429134964942932,1881.5151563218806,3748.5093260585845,0.09832088650425368,0.34344857931137085,1939.7208381111168,0.1057792454957962
genres/rock/rock.00094.wav,-90.20984649658203,80.06608581542969,-46.36023712158203,56.05372619628906,-8.083481788635254,27.479970932006836,-17.327835083007812,22.96086883544922,-17.59361457824707,18.40865135192871,-17.42961883544922,7.658796787261963,-19.291196823120117,1.1898987293243408,-14.477115631103516,4.514653205871582,-12.762189865112305,2.99979567527771,-6.408552169799805,2.254875898361206,2210.4789356308706,5085.87445394069,0.14664940122293116,0.3893127739429474,2628.8637875540994,0.10196007788181305
genres/rock/rock.00095.wav,-153.64096069335938,109.8646469116211,-23.065696716308594,59.05013656616211,-7.4758734703063965,19.726795196533203,-16.484838485717773,18.066438674926758,-22.202003479003906,15.40910530090332,-12.372051239013672,12.348828315734863,-12.297895431518555,5.777902126312256,-10.273880958557129,1.7898672819137573,-13.289983749389648,2.484145164489746,-6.713265419006348,-1.1937870979309082,2106.541053323545,4253.557032609484,0.08922745069605569,0.35206276178359985,2008.149458480015,0.07948579639196396
genres/rock/rock.00096.wav,-142.39202880859375,116.18962860107422,-32.14716720581055,49.11784744262695,-8.37337589263916,22.882061004638672,-18.31598472595215,20.098146438598633,-22.093318939208984,10.798819541931152,-12.979385375976562,14.080058097839355,-16.392993927001953,4.154395580291748,-4.364871978759766,3.7390196323394775,-10.848308563232422,1.8812283277511597,-7.461491107940674,-2.7953386306762695,2068.942008736943,4149.338327925609,0.09766418032192575,0.39868736267089844,2006.8433535794886,0.07645820081233978
genres/rock/rock.00097.wav,-124.9522705078125,115.17715454101562,-47.97515106201172,52.814674377441406,-13.484809875488281,21.742351531982422,-12.407491683959961,20.122041702270508,-18.36375617980957,10.120382308959961,-16.03761100769043,10.474113464355469,-17.947059631347656,1.2121272087097168,-11.519416809082031,1.8380894660949707,-12.845291137695312,3.4409780502319336,-12.588069915771484,-2.106336832046509,1927.2931533601627,4031.4053210194315,0.12182258434841454,0.4321420192718506,2077.526598273495,0.0816509798169136
genres/rock/rock.00098.wav,-225.00775146484375,123.6467514038086,-9.724174499511719,56.60516357421875,10.436498641967773,20.62228012084961,-10.25369644165039,15.561656951904297,-8.227290153503418,12.800149917602539,-9.001975059509277,7.682843208312988,-10.070732116699219,-0.2563861310482025,-5.275369167327881,-2.8121771812438965,-4.416050434112549,1.5562074184417725,-5.041896820068359,-3.590644359588623,1818.450279743917,3015.631004386601,0.048724275546210366,0.36248457431793213,1398.6993438688792,0.08385993540287018
genres/rock/rock.00099.wav,-235.16197204589844,123.8700942993164,-22.538393020629883,52.93974685668945,-1.444669246673584,24.641056060791016,-7.073816299438477,14.880081176757812,-12.769978523254395,16.71258544921875,-2.9369664192199707,10.076435089111328,-15.024691581726074,3.116931438446045,-7.123282432556152,1.7941040992736816,-7.069774627685547,0.028346039354801178,-2.025782346725464,1.1552382707595825,1797.2130440532273,3246.9089304488107,0.07630480230085074,0.3584013283252716,1609.7950823242543,0.054454028606414795
