file,mfcc_1,mfcc_2,mfcc_3,mfcc_4,mfcc_5,mfcc_6,mfcc_7,mfcc_8,mfcc_9,mfcc_10,mfcc_11,mfcc_12,mfcc_13,mfcc_14,mfcc_15,mfcc_16,mfcc_17,mfcc_18,mfcc_19,mfcc_20,mfcc_21,mfcc_22,mfcc_23,mfcc_24,mfcc_25,mfcc_26,mfcc_27,mfcc_28,mfcc_29,mfcc_30,mfcc_31,mfcc_32,mfcc_33,mfcc_34,mfcc_35,mfcc_36,mfcc_37,mfcc_38,mfcc_39,mfcc_40,bandwidth,rolloff,zero_cross,chroma,centroid,rms
genres/jazz/jazz.00000.wav,-252.07318115234375,137.9031982421875,-11.130972862243652,8.365116119384766,0.7300726771354675,1.5904325246810913,-3.7294294834136963,-4.1325154304504395,-5.499070167541504,-2.634166955947876,-3.537999153137207,-3.1476900577545166,-1.8493623733520508,-1.0018798112869263,-2.5804286003112793,-1.9574202299118042,-1.5034335851669312,0.22194860875606537,-1.9914851188659668,-3.3538260459899902,-1.5370738506317139,0.32466426491737366,1.0334663391113281,-0.17501115798950195,-1.642878770828247,-1.251627802848816,-0.4765475392341614,-0.45571020245552063,-0.2526383399963379,-3.0573835372924805,-2.696159601211548,0.5563675165176392,2.4768426418304443,0.7474567890167236,-0.7792373895645142,-1.894109845161438,-1.9212334156036377,-0.7983533143997192,-1.0637706518173218,-2.757549524307251,1754.2160817708136,2799.2830988979117,0.07841653373936582,0.344511479139328,1503.8694855583212,0.04674655199050903
genres/jazz/jazz.00001.wav,-345.7215270996094,146.97283935546875,-0.5235283374786377,22.641023635864258,5.81040096282959,10.366902351379395,-0.1491651087999344,-1.7146832942962646,-6.115182876586914,-0.5192581415176392,1.0352264642715454,1.2212328910827637,-1.9301191568374634,-5.54611349105835,-4.405113220214844,-2.589095115661621,-5.185926914215088,-5.420732498168945,-3.113020181655884,-0.798191249370575,1.9009170532226562,0.6606460213661194,-2.04824161529541,-2.337252140045166,-1.3738679885864258,-0.9952026009559631,0.5387882590293884,-0.4219038784503937,-2.275235891342163,-4.208529472351074,-3.2570078372955322,-1.991178035736084,-4.421828746795654,-4.575878620147705,-4.641427993774414,-2.7160816192626953,-1.3796489238739014,0.8667526245117188,3.173090696334839,3.5359342098236084,1691.4367181057296,2410.8277783316416,0.059293884135730855,0.3279922306537628,1266.5828637839497,0.02279501035809517
genres/jazz/jazz.00002.wav,-256.9590148925781,175.3587646484375,-44.82228469848633,25.650619506835938,-4.255734920501709,-0.2227637767791748,-11.312748908996582,-9.189111709594727,-4.0953593254089355,-8.308259963989258,-22.548215866088867,-7.608587265014648,-7.6512908935546875,-11.743057250976562,-8.169703483581543,-7.497508525848389,-12.292101860046387,-6.765345573425293,-3.4969887733459473,-8.645325660705566,-8.521509170532227,-4.614181041717529,-5.82661247253418,-7.825632095336914,-1.0791414976119995,-2.915666341781616,-2.0528674125671387,0.2714082896709442,-3.421517848968506,-6.235332489013672,0.7675398588180542,-0.1370154321193695,-5.647638320922852,-6.8004655838012695,-3.5600767135620117,-4.60090970993042,-0.47557446360588074,3.1916017532348633,-0.4989052712917328,-0.9887537360191345,1050.3234233709193,1895.729578288138,0.05785736296403712,0.2677288353443146,1064.668667042077,0.08084715157747269
genres/jazz/jazz.00003.wav,-297.3196105957031,193.09739685058594,10.208951950073242,-1.628380537033081,3.3884055614471436,9.98655891418457,-7.244643688201904,4.684893608093262,-5.38333797454834,-2.8617842197418213,-10.222763061523438,0.3698996603488922,-4.964565753936768,3.237330436706543,-4.473159313201904,-1.8917700052261353,-2.271646022796631,3.8829054832458496,0.3434785306453705,-2.2217752933502197,-4.295280456542969,-0.5634592175483704,1.731025218963623,1.9982842206954956,1.2570815086364746,-1.7053836584091187,-2.9699995517730713,-6.606367588043213,-3.2926998138427734,0.4496278166770935,-0.16577544808387756,-4.311511039733887,-5.262251853942871,-5.754878997802734,-2.3463640213012695,-1.1110591888427734,1.6108379364013672,1.693155288696289,-1.2214760780334473,-6.2687554359436035,1058.8923830562105,1416.5533574717228,0.044649978248259864,0.31925398111343384,813.0633336735075,0.05946718156337738
genres/jazz/jazz.00004.wav,-270.26434326171875,137.61294555664062,5.667617321014404,42.45900344848633,-7.94635009765625,9.919731140136719,-6.785465717315674,8.242963790893555,-6.182401180267334,5.477772235870361,-5.427682876586914,-5.185214042663574,-6.988831043243408,-3.238631010055542,-2.0097150802612305,4.402397155761719,1.9815925359725952,4.976831436157227,6.577829837799072,-2.425600051879883,-2.195596218109131,1.4335626363754272,3.333070993423462,1.7403119802474976,3.3943817615509033,-2.51100754737854,-4.525333881378174,-5.362091064453125,-1.614463448524475,-0.3961057960987091,1.7929832935333252,-5.264701843261719,-6.221786975860596,1.3628830909729004,2.5934054851531982,-3.0883941650390625,-5.95389986038208,-1.6313667297363281,0.8370042443275452,-7.25188684463501,1421.9980442568958,1837.4583658098898,0.04775035648685228,0.1719392091035843,1039.263106207157,0.10877612978219986
genres/jazz/jazz.00005.wav,-246.23489379882812,120.19255065917969,-0.9656111001968384,30.68992042541504,0.1807248592376709,23.15737533569336,0.447277694940567,9.164931297302246,-0.555827796459198,5.710789203643799,-3.751720905303955,4.221992492675781,-0.2785740792751312,7.450376033782959,0.711005449295044,7.082912445068359,0.88877272605896,0.9791515469551086,1.7293105125427246,-1.3561819791793823,-4.628977298736572,-3.811159372329712,-2.019923686981201,-2.8587865829467773,-1.6863248348236084,-4.2044291496276855,0.6800227761268616,-1.6421555280685425,-3.2339589595794678,-8.980920791625977,-9.328720092773438,1.7330336570739746,3.8515870571136475,-0.8986184000968933,-4.4387431144714355,-5.057443618774414,-6.296023845672607,-7.658904075622559,0.260051965713501,1.6262578964233398,1546.2374387559785,2486.6269848462875,0.057875111779775716,0.24818967282772064,1268.3253083918873,0.10756512731313705
genres/jazz/jazz.00006.wav,-234.35919189453125,142.73464965820312,-14.274724006652832,51.951011657714844,-8.182988166809082,12.759842872619629,-4.2694196701049805,12.074121475219727,-13.695992469787598,-1.5666171312332153,-3.968916654586792,4.919240474700928,-3.942621946334839,2.187675714492798,-6.672731399536133,-9.7670316696167,-4.474716663360596,-5.543733596801758,-1.1649925708770752,-1.0990269184112549,3.152111768722534,2.070756673812866,1.764479637145996,1.68975031375885,0.31452491879463196,-3.5139474868774414,-4.185622215270996,-7.273898124694824,-2.932053327560425,-2.213146924972534,-4.664969444274902,-8.377710342407227,-7.820916652679443,-3.757772922515869,-0.9211023449897766,-1.5688649415969849,-4.393911361694336,-3.93184757232666,1.2608281373977661,-0.7763060331344604,1459.0661503443011,2416.148627827726,0.048039624419953596,0.2748771607875824,1219.4930134424176,0.09862466156482697
genres/jazz/jazz.00007.wav,-291.94378662109375,137.73483276367188,2.666252613067627,35.63228225708008,-12.302241325378418,15.558950424194336,-6.778074741363525,-2.8267107009887695,-3.763538122177124,-3.463128089904785,-1.717848777770996,10.41382122039795,8.311741828918457,5.209790229797363,0.3152259588241577,0.3870106637477875,-1.4656298160552979,-0.7603496313095093,-6.341010093688965,-5.511151313781738,2.5411455631256104,3.23380446434021,-1.736627459526062,-3.2168726921081543,3.6003453731536865,-0.5777770280838013,-2.9697024822235107,-3.4335737228393555,-1.939687967300415,-2.740842342376709,-0.09709017723798752,1.1013565063476562,-3.275909423828125,-3.8568124771118164,-1.8973848819732666,-3.825222969055176,-2.7085139751434326,-1.6717543601989746,-2.2013537883758545,-7.932632923126221,1355.3964617790464,1958.1725366154292,0.06482660539926527,0.19723129272460938,1169.740408706836,0.09382712841033936
genres/jazz/jazz.00008.wav,-189.94781494140625,134.41722106933594,-25.641550064086914,45.71974182128906,8.195152282714844,21.436254501342773,-4.572856426239014,14.384241104125977,-12.655512809753418,10.276115417480469,-7.929920196533203,-1.1402013301849365,-5.044783592224121,2.4142563343048096,-5.010563850402832,-2.1567466259002686,-4.238583087921143,1.8449761867523193,-0.44101715087890625,-4.770748138427734,-1.2371243238449097,-3.9044864177703857,-1.927445888519287,-4.6972975730896,-3.786898612976074,-1.6354563236236572,-0.23659582436084747,-4.947115421295166,-5.478490829467773,-1.9478909969329834,-3.1905407905578613,-5.525371551513672,1.385864496231079,-2.8155157566070557,-5.659275054931641,-4.502669811248779,-0.9884990453720093,-2.1216511726379395,-1.5774258375167847,-3.1792850494384766,1636.8297315928457,2723.9835026645883,0.04626700865235885,0.3573435842990875,1304.5886176531874,0.11854953318834305
genres/jazz/jazz.00009.wav,-296.6900939941406,172.36590576171875,16.885541915893555,18.9259090423584,1.3705646991729736,14.395842552185059,1.013899326324463,9.515990257263184,-7.399952411651611,3.5145721435546875,-7.6495771408081055,-0.10913237184286118,-7.932107448577881,-3.188265562057495,-8.08109188079834,-4.066512584686279,-0.835614800453186,-3.8711228370666504,-2.8217668533325195,-6.9242963790893555,-0.36433523893356323,0.41297218203544617,-0.3884181082248688,0.1954984813928604,2.110133171081543,1.35694420337677,2.5894558429718018,-1.698276400566101,-2.83229660987854,-2.6852433681488037,-0.6022666692733765,1.8586087226867676,-2.7781596183776855,-2.7298707962036133,-2.580897092819214,-3.863704204559326,-1.8752647638320923,-2.301147699356079,-4.004636764526367,-4.948010444641113,1211.148039215557,1133.5491136165892,0.03168654534029389,0.26719218492507935,749.3539040730334,0.08535753935575485
genres/jazz/jazz.00010.wav,-318.74493408203125,162.66497802734375,-16.497026443481445,39.13897705078125,31.440584182739258,15.266573905944824,-0.6841129064559937,5.809783458709717,-8.635685920715332,-4.004963397979736,1.3578957319259644,0.054414279758930206,-3.1113951206207275,-1.5464633703231812,-1.588594913482666,-4.875840663909912,-4.241431713104248,-1.2747114896774292,-0.7457155585289001,-4.4252543449401855,-3.1545279026031494,-3.8660614490509033,-1.4050747156143188,-3.2849621772766113,-2.207345485687256,-2.523799419403076,-2.5958874225616455,-4.28575325012207,-4.115181922912598,-1.2749943733215332,-5.539231300354004,-3.7211596965789795,-2.152791738510132,-3.3114404678344727,0.8965752720832825,1.5640294551849365,-1.2032268047332764,-1.3223237991333008,-5.6547017097473145,-8.371192932128906,1037.6953563622983,1554.1710094620069,0.03306037920533643,0.32962924242019653,829.4674018361053,0.06417053937911987
genres/jazz/jazz.00011.wav,-192.50057983398438,113.18048858642578,-6.334553241729736,39.57110595703125,-9.164302825927734,17.202394485473633,-19.082422256469727,12.191115379333496,-15.467872619628906,9.675312995910645,-10.940625190734863,12.93224811553955,-7.265087127685547,8.483800888061523,-4.160271644592285,0.9682301878929138,-7.139070510864258,1.1716939210891724,-1.181301474571228,-1.2992199659347534,2.7207860946655273,2.528315305709839,-3.851398229598999,0.0003837709373328835,3.833287239074707,-4.045026779174805,1.0513105392456055,-2.006579637527466,-1.0735924243927002,-1.0230883359909058,1.901090145111084,-4.028221607208252,-6.934634685516357,-1.105674147605896,-0.015062561258673668,-0.997916042804718,-0.8011437058448792,-6.068361759185791,0.38637447357177734,-1.8902873992919922,2108.2281837110236,4010.8713384570765,0.0768886250483372,0.30049246549606323,1825.673656909468,0.0712074339389801
genres/jazz/jazz.00012.wav,-253.17459106445312,122.69451141357422,-5.663682460784912,40.56267166137695,-5.824800491333008,18.39704704284668,-16.65726089477539,14.585357666015625,-15.15600872039795,8.203470230102539,-13.888676643371582,8.284746170043945,-7.301112651824951,5.413023948669434,-6.312315940856934,2.783660888671875,-4.229585647583008,0.5372764468193054,-1.4940403699874878,-2.541595458984375,-0.3304156959056854,-2.8985912799835205,-6.016618728637695,-3.021010637283325,2.850982189178467,-4.13084602355957,1.0692930221557617,0.4650978147983551,-0.13408906757831573,-1.9170254468917847,1.1652979850769043,-2.9036786556243896,-3.447125196456909,-0.09579528868198395,0.08948558568954468,-1.4584766626358032,0.055477604269981384,-5.710245609283447,-1.5411874055862427,-2.0963234901428223,2040.694126981469,3658.429592336137,0.06368954828886311,0.36377689242362976,1650.8523538026793,0.0375516451895237
genres/jazz/jazz.00013.wav,-217.6234588623047,112.63628387451172,12.684657096862793,39.51863479614258,-9.821474075317383,17.374679565429688,-12.360323905944824,20.702041625976562,-18.3026123046875,16.34987449645996,-10.017828941345215,9.043352127075195,-6.87489652633667,7.3108015060424805,-4.776978015899658,8.562779426574707,-2.782914876937866,1.2739620208740234,-0.3478265702724457,0.3596918284893036,-3.1363375186920166,2.5465426445007324,-1.5195335149765015,-4.851667881011963,5.662722587585449,-2.986835241317749,-2.3860015869140625,3.952698230743408,-3.852818489074707,-4.048809051513672,3.309424877166748,-2.021669626235962,-2.215298652648926,-2.2960877418518066,0.7867927551269531,-2.875427484512329,0.8129216432571411,-3.153637647628784,-0.8913158774375916,-2.573516368865967,2312.8859350767752,4397.319891060035,0.06107594076276102,0.31432461738586426,1789.9827260904642,0.0554824024438858
genres/jazz/jazz.00014.wav,-358.2769775390625,137.98109436035156,-10.98336410522461,20.825016021728516,1.9816148281097412,-3.427600383758545,-11.525944709777832,-3.2584683895111084,-11.018876075744629,-8.427175521850586,-7.464491844177246,-0.9940946698188782,-6.71011209487915,2.40460205078125,-2.634925127029419,-0.3008265793323517,-1.424508810043335,-1.7008388042449951,0.9045678973197937,4.4205145835876465,7.136240005493164,1.5588055849075317,-1.4570990800857544,1.9180786609649658,2.5583362579345703,-3.5196006298065186,1.0058242082595825,2.218526840209961,2.813995361328125,-1.7350035905838013,-5.713499069213867,-1.479138731956482,-1.9110429286956787,-4.281026363372803,-3.2679293155670166,-3.2290968894958496,-3.1347334384918213,-3.156893014907837,-0.38350093364715576,2.8206946849823,1278.0509345640637,2018.525458599188,0.06491837055297757,0.19867083430290222,1171.5565678358992,0.039326708763837814
genres/jazz/jazz.00015.wav,-199.97598266601562,117.2345962524414,-12.375934600830078,39.11137390136719,-6.351594924926758,16.529190063476562,-17.303377151489258,13.625556945800781,-17.663639068603516,14.037738800048828,-10.203922271728516,12.183077812194824,-6.708654880523682,7.748764514923096,-8.08096981048584,2.6304147243499756,-6.649531364440918,4.866955280303955,0.6982770562171936,0.4634423553943634,0.7121313214302063,1.024121642112732,-3.902333974838257,1.8843462467193604,3.0275397300720215,-5.218295097351074,1.4794868230819702,-1.485834002494812,-1.791195034980774,-5.074585437774658,0.632178008556366,-0.5813795328140259,-2.902971029281616,1.5069915056228638,-0.4142836630344391,-2.340416669845581,-0.3748498857021332,-4.905652046203613,0.2881382405757904,-3.0929453372955322,2061.9055245354243,3811.943178110499,0.07355637930201082,0.3327581286430359,1782.2239999032226,0.06239524111151695
genres/jazz/jazz.00016.wav,-259.8767395019531,123.18716430664062,-6.390842437744141,37.570335388183594,-2.977656126022339,13.057894706726074,-14.083037376403809,5.310006618499756,-11.961548805236816,3.5246269702911377,-9.633516311645508,5.333287239074707,-7.843499183654785,3.2578952312469482,-0.5531038641929626,2.887791872024536,-0.027695516124367714,2.0984745025634766,1.10970938205719,2.935805559158325,4.044966697692871,-2.1110482215881348,-2.537928819656372,-1.9992406368255615,3.68292236328125,0.12544482946395874,2.7719175815582275,-2.2758562564849854,4.019724369049072,1.7030874490737915,-3.293903350830078,-3.3526902198791504,-1.3101731538772583,-0.78316330909729,-3.1591737270355225,-3.9577460289001465,-0.3289068937301636,-6.7382283210754395,-3.9100444316864014,3.1772093772888184,1738.8589018270416,2822.406728085122,0.06984498864075793,0.2495352178812027,1465.8574464982278,0.060560356825590134
genres/jazz/jazz.00017.wav,-233.11151123046875,105.91509246826172,-2.662991523742676,37.43234634399414,-8.161619186401367,15.732985496520996,-15.06935977935791,8.364773750305176,-16.37989044189453,8.640556335449219,-9.369956016540527,7.103402137756348,-5.988558769226074,1.9905240535736084,-5.73082971572876,-0.9403243064880371,-6.90796422958374,-3.76710844039917,-1.6249467134475708,-2.434781312942505,1.3093986511230469,0.3716752529144287,0.18499673902988434,-3.133575439453125,1.9605005979537964,-2.6916394233703613,2.213585376739502,2.0798816680908203,1.7732735872268677,-1.0260220766067505,1.6312203407287598,-3.2271244525909424,-1.5470435619354248,1.7197295427322388,3.0965800285339355,0.7892516255378723,1.3524669408798218,-2.923491954803467,-1.6739572286605835,-2.893782138824463,2187.12031405705,4326.8581877175175,0.08414373670726992,0.345406174659729,1934.1648175694993,0.04986221715807915
genres/jazz/jazz.00018.wav,-192.07293701171875,105.57013702392578,-26.0205078125,40.166473388671875,-6.661608695983887,26.50360679626465,-10.378771781921387,18.473543167114258,-14.002912521362305,14.932205200195312,-12.696288108825684,9.580199241638184,-5.197940826416016,7.833961486816406,-3.853480577468872,12.366530418395996,-1.1102142333984375,-0.7842483520507812,-2.9842066764831543,0.35045531392097473,1.3559650182724,2.796633243560791,-9.312771797180176,-4.478558540344238,-0.48005425930023193,-1.3340283632278442,3.951660633087158,-3.553370952606201,6.8628644943237305,3.8309926986694336,-2.9356329441070557,-0.8478004932403564,-0.4416595995426178,-3.285454273223877,0.38322117924690247,-0.229873925447464,0.47151315212249756,-3.0537192821502686,-0.3309604823589325,-2.209104537963867,2127.1651093485593,4248.1945489232885,0.08770822759570766,0.3534735441207886,1993.3527659883691,0.05226358398795128
genres/jazz/jazz.00019.wav,-267.27880859375,129.04966735839844,-14.720129013061523,41.267486572265625,-1.014707326889038,22.958131790161133,-8.130000114440918,11.18309211730957,-9.07856273651123,11.321144104003906,-5.504739284515381,13.569753646850586,-1.183881163597107,1.8789870738983154,-2.708224296569824,3.2862348556518555,-1.5979511737823486,0.2582211494445801,-0.6132103204727173,4.519880771636963,4.947373390197754,2.8446056842803955,-2.4059958457946777,-6.9472246170043945,0.33788856863975525,-4.948352813720703,-2.5222082138061523,-5.409080982208252,-2.868899345397949,-2.6105079650878906,-2.0827958583831787,-2.5834364891052246,-0.9387011528015137,-5.881370544433594,-2.316370964050293,-5.267813682556152,-1.2498469352722168,-1.1174461841583252,-1.8990719318389893,-1.1221519708633423,1714.9929557825178,2712.967095961427,0.05545069907675947,0.2482140064239502,1352.8036058269497,0.0502115897834301
genres/jazz/jazz.00020.wav,-376.7320251464844,119.15052032470703,-2.9521560668945312,48.510257720947266,13.16558837890625,21.25240135192871,0.01927766762673855,8.011802673339844,-0.3983316719532013,2.379533052444458,-0.02877899631857872,0.9033524394035339,1.6668227910995483,-0.1448584645986557,1.3359947204589844,-0.1939154416322708,1.9797178506851196,2.7104313373565674,1.7635124921798706,0.4612430930137634,-0.9639894366264343,-1.591446042060852,-3.6756954193115234,-3.8460214138031006,-3.5872395038604736,-2.6345200538635254,-2.452585458755493,-2.5669655799865723,-2.7855570316314697,-4.660167694091797,-0.6702497005462646,0.9342474341392517,1.030612826347351,-1.5895601511001587,-0.957629919052124,-1.9764493703842163,-1.2296921014785767,-0.022234782576560974,-2.0242576599121094,-4.807435512542725,1678.1946156250287,2579.629438714472,0.03296332717034029,0.2891766428947449,1171.224447700379,0.027119724079966545
genres/jazz/jazz.00021.wav,-174.67982482910156,75.89472198486328,-12.79903507232666,52.615901947021484,-29.401138305664062,22.75975227355957,-22.362709045410156,18.626197814941406,-24.711549758911133,21.167016983032227,-13.805633544921875,13.012531280517578,-7.862577438354492,8.019111633300781,-5.967342853546143,9.531876564025879,-6.002378940582275,2.347543239593506,-3.3523061275482178,2.508934736251831,-3.1928751468658447,-1.0127325057983398,-9.39064884185791,-0.29632633924484253,-0.4836333692073822,-7.979777812957764,-6.061941146850586,2.046989917755127,-3.436749219894409,-5.2066473960876465,3.2789812088012695,-1.1565896272659302,-6.760175704956055,-4.668975353240967,-1.8806750774383545,-4.600240230560303,-1.2963685989379883,-1.160362720489502,-2.1979050636291504,-6.808610439300537,2420.4212119217423,5864.933419282917,0.18137212695765662,0.432706743478775,2915.0177020585525,0.04797696694731712
genres/jazz/jazz.00022.wav,-298.7573547363281,112.05682373046875,6.487096786499023,28.40506362915039,-6.753927230834961,16.659889221191406,-11.79957103729248,12.752350807189941,-8.345207214355469,13.884088516235352,-4.242343425750732,2.323410987854004,-4.319737911224365,1.4156032800674438,0.7072981595993042,13.45715045928955,9.403632164001465,6.919149398803711,7.8830790519714355,-1.7756028175354004,-1.464945673942566,3.5882840156555176,0.6873771548271179,-2.4333691596984863,0.05572580546140671,-12.951688766479492,-2.9016189575195312,-2.4825427532196045,-4.546751022338867,-3.5961079597473145,-1.734992265701294,2.5775680541992188,0.1629173308610916,-2.5247466564178467,-0.12518693506717682,-3.1019508838653564,-2.2655012607574463,-6.779834747314453,-3.5854368209838867,-0.8167709708213806,1920.3765068791472,3047.5644282011312,0.051224215124709975,0.20151753723621368,1451.871047146894,0.050506509840488434
genres/jazz/jazz.00023.wav,-188.0823211669922,98.61334228515625,-11.28542709350586,47.21876907348633,-20.336427688598633,18.78944969177246,-15.790518760681152,13.69087028503418,-15.469745635986328,17.422107696533203,1.0043634176254272,18.286823272705078,4.639675617218018,9.828378677368164,-5.4989519119262695,2.1299946308135986,-6.247222900390625,-3.418445348739624,-2.994194507598877,2.217409372329712,3.358631134033203,-0.8886955976486206,-4.208611488342285,2.5404226779937744,5.458176612854004,-9.211138725280762,-4.114828109741211,0.9640473127365112,-6.388119220733643,-9.600598335266113,2.515643835067749,0.6165933012962341,-5.383998394012451,-8.210735321044922,-1.7176344394683838,-3.4315075874328613,-0.5070891976356506,-0.678997278213501,-1.746494174003601,-5.695295333862305,2100.235633603962,4316.990884661398,0.08013779123163187,0.22114090621471405,1988.6622724729364,0.08780123293399811
genres/jazz/jazz.00024.wav,-202.58477783203125,105.84423065185547,-20.55630111694336,43.88286209106445,-14.273112297058105,25.29083824157715,-15.587922096252441,15.316717147827148,-13.287264823913574,12.27220344543457,-8.763045310974121,10.15810775756836,-1.8582662343978882,6.188661575317383,0.2318892627954483,8.043012619018555,-3.158038854598999,-0.46436065435409546,-3.5853347778320312,0.7137135863304138,1.090524673461914,-0.7622447609901428,-3.7931461334228516,-3.689444065093994,2.2090365886688232,-6.681311130523682,-3.004491090774536,0.6275061964988708,0.5002216696739197,-3.667667865753174,-3.4687998294830322,-4.560940265655518,-1.0415905714035034,-1.4451754093170166,-0.6033787131309509,-3.266174077987671,-1.984034538269043,-3.637882709503174,-4.084573268890381,-3.334636926651001,2084.5436699007896,4342.462682170823,0.09322282240912606,0.34898829460144043,2034.4791911403092,0.05886516347527504
genres/jazz/jazz.00025.wav,-237.63870239257812,108.31951141357422,2.0313572883605957,41.76508712768555,-10.455887794494629,16.944995880126953,-8.590911865234375,12.800403594970703,-9.111098289489746,15.943170547485352,-6.525601863861084,7.172115802764893,-8.255851745605469,-0.1989077627658844,-8.692442893981934,-2.247981548309326,-4.73036003112793,-3.510707139968872,1.459924340248108,2.4120094776153564,1.8390299081802368,-5.844607353210449,-8.255995750427246,-3.2114295959472656,2.5301899909973145,-6.221567153930664,-2.5473084449768066,-0.734999418258667,-1.4544165134429932,-3.952727794647217,-1.963135004043579,-6.867326259613037,-6.2709221839904785,0.6517032980918884,1.4590981006622314,-0.9252622127532959,0.6170139908790588,1.0927919149398804,2.315025568008423,-6.73231315612793,2065.7902695243015,3805.639761727813,0.06359853840390564,0.2682470977306366,1697.8362449791805,0.0693780854344368
genres/jazz/jazz.00026.wav,-414.0352783203125,104.86470794677734,-7.839935779571533,37.85240936279297,0.17604106664657593,23.40921401977539,-7.302677154541016,5.758042335510254,-1.0568650960922241,8.495794296264648,-5.505836009979248,0.8668829202651978,-1.4607385396957397,7.724599361419678,1.2388458251953125,6.025237083435059,5.238753318786621,2.4250411987304688,7.620198726654053,9.826226234436035,14.036914825439453,8.38501262664795,3.4040513038635254,-3.069108486175537,-2.2293291091918945,-3.994436740875244,0.10573026537895203,-3.4346530437469482,-8.692729949951172,-11.212424278259277,-1.0954464673995972,2.3198766708374023,-4.029083251953125,-8.46281623840332,-5.948524475097656,-3.794983148574829,-2.8307902812957764,-0.23795165121555328,2.4558844566345215,2.726217269897461,1638.6647337098384,2631.2808149651974,0.05861036591260634,0.20181754231452942,1367.3273245343041,0.03196602687239647
genres/jazz/jazz.00027.wav,-262.0606689453125,108.98975372314453,-6.337935924530029,55.16640090942383,-10.659159660339355,18.51910400390625,-4.244628429412842,18.54484748840332,-19.70284080505371,17.573423385620117,-10.977035522460938,11.927486419677734,-3.432398796081543,7.183099269866943,-8.858800888061523,4.971933841705322,-4.034158229827881,-0.09659391641616821,-0.8098715543746948,-0.6107649803161621,-1.2908865213394165,-2.118032217025757,-1.358598232269287,2.5791053771972656,4.609127521514893,-5.795135974884033,-6.6300950050354,-4.674489974975586,-0.5855650305747986,-4.260663032531738,-4.46707010269165,-4.525760173797607,-2.951991081237793,-2.7221789360046387,1.1617562770843506,-2.4974701404571533,-0.5354312658309937,-3.563215970993042,0.2615993022918701,-5.8016180992126465,2113.3998586358803,3966.3394087151974,0.06268088686678268,0.3251491189002991,1769.392504975859,0.040617816150188446
genres/jazz/jazz.00028.wav,-233.76522827148438,108.45362091064453,-10.682670593261719,38.70037841796875,-10.768120765686035,14.159406661987305,-16.256103515625,10.375396728515625,-20.81399917602539,10.080611228942871,-12.01349925994873,7.767667293548584,-12.031627655029297,3.3717198371887207,-6.355676651000977,3.9894425868988037,-1.2760605812072754,-3.8266777992248535,-6.226993083953857,-4.946985244750977,-3.4411661624908447,-3.8167800903320312,-4.403749465942383,-2.4112513065338135,3.0815489292144775,-9.931127548217773,-2.8139615058898926,-3.1565895080566406,1.1728709936141968,-3.848475694656372,-3.2219674587249756,-1.394189715385437,-3.6548964977264404,-2.19877552986145,-1.2829231023788452,-2.968008279800415,-3.8531153202056885,-6.315693378448486,-1.1058353185653687,-4.033186912536621,2096.2494468870204,4031.2887452871228,0.07490491166376644,0.27649223804473877,1854.0264978659407,0.04876205697655678
genres/jazz/jazz.00029.wav,-232.9287567138672,93.8222427368164,-16.17824363708496,49.586090087890625,-13.944541931152344,13.493356704711914,-11.8251314163208,13.293219566345215,-25.817182540893555,17.375320434570312,-13.314111709594727,9.283910751342773,-5.486600399017334,1.9240535497665405,-14.4028902053833,2.590804100036621,-11.47951889038086,-1.236338496208191,-5.2045698165893555,-3.87381649017334,-3.041163921356201,-3.6668150424957275,-1.8351331949234009,2.6905767917633057,3.2951204776763916,-3.678799629211426,-2.6191258430480957,1.4896057844161987,-0.30164793133735657,-3.9081358909606934,-2.5347702503204346,-2.404838800430298,-2.4976613521575928,-1.6144323348999023,1.7292929887771606,0.04365108907222748,2.264143466949463,-0.47714728116989136,0.35888558626174927,-3.4429054260253906,2259.222828724251,4683.929655778712,0.09937373114849188,0.30415454506874084,2235.343538894181,0.036342669278383255
genres/jazz/jazz.00030.wav,-318.99993896484375,115.66468811035156,-23.019874572753906,52.59422302246094,-12.798246383666992,14.616498947143555,-8.204508781433105,0.298208624124527,-23.839805603027344,10.85439395904541,-9.563089370727539,7.470179080963135,-4.24943733215332,2.9763355255126953,-4.401668548583984,-1.0432361364364624,-5.383595943450928,-5.516165256500244,-6.978021621704102,-1.7301304340362549,0.293953537940979,0.31292012333869934,1.7145808935165405,0.9944863319396973,4.338921070098877,-3.2323966026306152,-1.7644575834274292,-3.382725238800049,-4.605866432189941,-8.315526962280273,0.7109560966491699,1.9813075065612793,-1.9985963106155396,-3.3457016944885254,-0.35093533992767334,-3.3805315494537354,-1.7168984413146973,-0.9719998240470886,-0.004716134164482355,-6.770291805267334,1763.0968791367054,3354.658214454031,0.08464938913863108,0.23517580330371857,1687.8695513922864,0.029597947373986244
genres/jazz/jazz.00031.wav,-237.5023651123047,115.9306869506836,-15.409917831420898,47.10355758666992,-13.5059232711792,18.19352149963379,-13.942014694213867,15.340446472167969,-17.52718734741211,13.400240898132324,-6.2344465255737305,8.629508972167969,-7.238369464874268,4.782371997833252,-4.3966450691223145,4.506613254547119,-4.261119365692139,2.312389612197876,-9.928868293762207,-4.327577590942383,-1.2813483476638794,-3.4656314849853516,-2.0898263454437256,-3.7846782207489014,-1.2178183794021606,-7.302348613739014,-5.2849016189575195,-2.8632028102874756,-3.4873239994049072,-2.5218541622161865,1.358447790145874,-3.286280393600464,-2.9123432636260986,-2.2375032901763916,0.7704333066940308,-3.281662702560425,1.0156890153884888,-1.6108169555664062,-2.169257164001465,-8.055931091308594,1990.4920283168055,3734.0705889283645,0.07237627187258314,0.31104835867881775,1752.7591105362628,0.04359786957502365
genres/jazz/jazz.00032.wav,-305.44488525390625,121.93346405029297,2.606407642364502,36.94224166870117,-8.558878898620605,17.920360565185547,-9.269380569458008,10.571826934814453,-9.929618835449219,2.325254201889038,-12.683232307434082,0.3115912079811096,-8.622395515441895,2.5943217277526855,-6.973480224609375,-2.9153852462768555,-4.643406867980957,-3.2410361766815186,-4.445279121398926,-3.9558794498443604,-1.9771461486816406,-4.84626579284668,-3.856950283050537,-6.041844844818115,0.408285915851593,-3.8005120754241943,-4.49066162109375,-4.25383996963501,-1.1531344652175903,-3.986037015914917,-3.361090898513794,-4.366021633148193,-2.362628221511841,-2.3906643390655518,-0.6948662996292114,-0.5998531579971313,0.23673559725284576,-1.0373529195785522,-1.9940918684005737,-3.0242066383361816,1909.5449174867254,3251.2721935723607,0.061381069339713844,0.2807078957557678,1521.9044286600797,0.04053167626261711
genres/jazz/jazz.00033.wav,-261.8205261230469,139.55001831054688,-17.106534957885742,49.89031219482422,-5.859791278839111,19.83907699584961,1.865228295326233,5.707027912139893,-7.8273162841796875,-0.43314871191978455,-1.2523294687271118,-2.196244478225708,4.468629360198975,-0.3252965211868286,0.10288374871015549,-0.28277459740638733,1.9868649244308472,-2.6355578899383545,-1.1535775661468506,-5.372204780578613,0.39138028025627136,2.979607343673706,2.968806028366089,-0.24392013251781464,2.32179594039917,1.374333143234253,-1.9530547857284546,0.45067504048347473,-1.1034661531448364,-0.7092072367668152,-1.618533968925476,1.114530324935913,0.8930214643478394,-1.3960686922073364,-3.069023370742798,-3.1050314903259277,-1.00020170211792,0.34523966908454895,-0.12134473770856857,-2.7250070571899414,1498.2324217066619,2443.177544047274,0.04233319134280743,0.27397236227989197,1169.1448171797706,0.06979430466890335
genres/jazz/jazz.00034.wav,-146.3341064453125,118.2020492553711,-34.683128356933594,58.77827835083008,-14.961312294006348,34.30592346191406,-6.583120346069336,13.893940925598145,-14.636038780212402,9.191146850585938,-11.325636863708496,1.0963256359100342,-5.49802827835083,-0.16466973721981049,-2.197920560836792,-2.725681781768799,1.1339812278747559,-5.593520164489746,-2.7634685039520264,-7.1449360847473145,-0.7309119701385498,-5.0313873291015625,0.30613449215888977,-7.441675186157227,-4.526393890380859,-9.199739456176758,-2.8578860759735107,-4.246108531951904,-4.639723777770996,-4.234076499938965,-2.4691946506500244,0.4354410469532013,3.0187275409698486,2.2714109420776367,-1.750537395477295,-0.8584243059158325,-3.3578953742980957,-3.02783203125,-1.1159511804580688,4.660335540771484,1779.5990078009331,3574.1037036869197,0.07934929065158546,0.3116997182369232,1759.486745071951,0.13007262349128723
genres/jazz/jazz.00035.wav,-261.8926696777344,182.5381317138672,-16.89169692993164,49.850101470947266,-1.2053022384643555,6.324243068695068,6.012868404388428,-8.899389266967773,-10.305131912231445,-3.2101237773895264,-5.358581066131592,-3.5506882667541504,-2.8933372497558594,-7.469996929168701,-0.5404847860336304,1.1253023147583008,-1.9743423461914062,-5.219293117523193,-1.866610050201416,-3.5034799575805664,-1.9486113786697388,-0.1839073747396469,0.24479761719703674,3.0943145751953125,5.080682277679443,1.5034971237182617,2.407379150390625,6.936909198760986,3.648059129714966,0.49160414934158325,-0.7188522815704346,-1.5132535696029663,-0.9985743165016174,1.2914395332336426,0.5918768644332886,-1.1966990232467651,-2.887979507446289,-1.9434666633605957,0.9810894727706909,0.7565895915031433,1104.4207355264389,1608.4869738797854,0.037725674303944315,0.26460039615631104,844.0844180578307,0.09149165451526642
genres/jazz/jazz.00036.wav,-196.91139221191406,152.8286895751953,-36.86233139038086,41.793426513671875,-8.679532051086426,4.397470951080322,-11.549312591552734,1.4114857912063599,-14.725289344787598,0.4664419889450073,-10.162415504455566,-6.926499366760254,-6.243959903717041,-3.7160584926605225,-4.5620436668396,-6.402775764465332,-2.8897488117218018,-4.858112335205078,-5.886781215667725,-9.120353698730469,-1.928637146949768,-3.71816349029541,1.7716320753097534,1.0198429822921753,0.41806942224502563,-2.4325432777404785,-0.7175637483596802,-4.896657943725586,-3.902186393737793,1.7900739908218384,3.1409666538238525,-2.1265928745269775,-6.550876617431641,-1.969797134399414,-0.016735434532165527,-2.172774076461792,-0.7922787070274353,2.637598752975464,-3.643526077270508,-6.274743556976318,1412.025521594513,2657.35214481221,0.09950288210556844,0.3223933279514313,1481.5685870584466,0.08055911213159561
genres/jazz/jazz.00037.wav,-198.48672485351562,140.71710205078125,-18.420883178710938,30.511253356933594,-6.689789772033691,15.721616744995117,-0.7275952696800232,7.2931227684021,-6.586988925933838,6.065772533416748,-5.121785640716553,3.4559590816497803,-2.8346827030181885,7.181352138519287,-0.30970579385757446,-2.029561996459961,3.1291794776916504,0.8605504035949707,1.5229843854904175,-0.22505909204483032,7.920970916748047,4.2800092697143555,2.656423330307007,-3.259725570678711,-1.087510108947754,-0.678890585899353,0.3684065043926239,-5.365433692932129,-6.848195552825928,-5.955930709838867,-4.777554512023926,-4.300760269165039,-4.606389999389648,-5.445680618286133,-2.3755524158477783,0.38789546489715576,-0.5806050300598145,-1.9292683601379395,-4.267235279083252,-1.7398865222930908,1570.0682663446164,2467.2837401210845,0.05150064348897912,0.2848585546016693,1276.1951764985067,0.10663720965385437
genres/jazz/jazz.00038.wav,-179.57125854492188,124.31078338623047,-29.727323532104492,45.350990295410156,-10.183350563049316,17.756450653076172,-8.799443244934082,12.740392684936523,-10.742958068847656,8.603838920593262,-12.388601303100586,3.3815972805023193,-12.02249526977539,6.51411771774292,-9.864103317260742,-2.8124747276306152,-5.11979866027832,-1.2036103010177612,-1.8785407543182373,-5.6306471824646,-3.0886592864990234,-8.227416038513184,-6.737944602966309,-9.260932922363281,-3.877683401107788,-4.749645709991455,1.976243019104004,-3.436514377593994,1.7409764528274536,-2.6704115867614746,-2.1985654830932617,-4.813450336456299,-0.09728290885686874,-2.038198709487915,-1.8457167148590088,-1.430970549583435,1.5652698278427124,-1.210117220878601,-2.632913589477539,2.2657179832458496,1775.4348322951068,3216.7741036470416,0.06639416569992267,0.2856655418872833,1554.6236144698594,0.09779998660087585
genres/jazz/jazz.00039.wav,-237.3220672607422,146.84085083007812,-24.419361114501953,64.2713394165039,-10.810474395751953,3.2754411697387695,-1.319752812385559,2.6961731910705566,5.142400741577148,0.3944285213947296,9.634404182434082,2.5086634159088135,3.1253275871276855,7.744607448577881,-1.5281177759170532,1.7320493459701538,0.7817120552062988,-2.445068597793579,4.01957368850708,-1.9912821054458618,2.8505327701568604,2.0960898399353027,-1.7700082063674927,1.1299086809158325,-1.8372195959091187,-4.892286777496338,-0.5782510638237,0.12199068069458008,-3.3727922439575195,-4.617220401763916,-1.8041390180587769,0.02092941850423813,-1.8029500246047974,-1.749455213546753,-1.972162127494812,-2.503434658050537,-2.0675294399261475,-1.2671265602111816,-0.6051057577133179,-0.6289986968040466,1445.833698023223,2723.5671607634863,0.07648568916763342,0.2476295530796051,1310.931347791607,0.08227230608463287
genres/jazz/jazz.00040.wav,-179.78761291503906,147.77670288085938,-20.47399139404297,58.61892318725586,-23.796518325805664,2.4591317176818848,-3.192256212234497,-9.325331687927246,-5.75728702545166,-0.42839428782463074,-8.355325698852539,3.0898449420928955,-6.853476524353027,-4.390356063842773,-1.1717655658721924,-4.265646934509277,-0.5499114990234375,-3.5829217433929443,1.5008611679077148,-0.6024409532546997,-1.3557413816452026,-3.128695487976074,-1.2781089544296265,-3.3021600246429443,2.80637526512146,1.4651991128921509,2.1198580265045166,2.393904447555542,0.8092999458312988,-2.1766357421875,-3.3014984130859375,0.11109965294599533,0.8558803796768188,1.199919581413269,-0.5046782493591309,-1.910600185394287,-3.210160970687866,-0.8898009061813354,-0.7711570858955383,-1.7065708637237549,1475.3003117100254,2778.407715976653,0.054847239341647334,0.23670050501823425,1316.8535021237412,0.1380760669708252
genres/jazz/jazz.00041.wav,-216.30979919433594,135.01405334472656,-35.4796257019043,61.60260772705078,-14.553433418273926,11.0371675491333,1.2135095596313477,10.95398235321045,-8.293707847595215,-1.4459269046783447,0.12098027020692825,8.271981239318848,-4.579763889312744,0.5748230814933777,-6.097358703613281,0.20019307732582092,-0.5979135036468506,-5.045638084411621,-1.2514997720718384,-7.217297077178955,-5.0076751708984375,-4.095200538635254,1.7006547451019287,-1.6093733310699463,-2.5441155433654785,-5.411022663116455,-0.8401321768760681,-3.37479305267334,1.5900416374206543,1.5890121459960938,-3.525557518005371,-5.1594696044921875,-0.7967703938484192,-0.162252739071846,-1.4746427536010742,-3.697925329208374,-2.489614248275757,-1.8188234567642212,-2.962613821029663,-2.769486665725708,1568.4510182808963,3103.6123749274943,0.10058782567188708,0.3081498444080353,1617.4430355139355,0.0782661959528923
genres/jazz/jazz.00042.wav,-206.8230438232422,141.83993530273438,-13.786540031433105,49.328163146972656,-24.796384811401367,11.786920547485352,-12.778189659118652,-16.56585121154785,-8.377785682678223,-1.2238872051239014,-7.656799793243408,-1.377954125404358,-9.34943675994873,-7.499677658081055,-2.8642594814300537,-6.155101776123047,-0.9415712952613831,-1.2913026809692383,-2.233084201812744,-3.274121046066284,0.41883164644241333,-3.467219114303589,1.1600518226623535,0.4310382902622223,-0.9793020486831665,-3.817289113998413,0.8992437720298767,-0.14948949217796326,1.6765117645263672,3.742354393005371,-1.684499740600586,-1.5122742652893066,-0.5026498436927795,1.329036831855774,-0.39781591296195984,0.995813250541687,-0.428433895111084,-1.2731339931488037,0.0777028501033783,-0.04409877210855484,1548.7357027517717,2771.7628992350637,0.061185832366589324,0.28506070375442505,1344.2559589612654,0.09951893240213394
genres/jazz/jazz.00043.wav,-173.17636108398438,111.63435363769531,-35.9067268371582,45.83883285522461,-11.407395362854004,19.69548988342285,-8.062451362609863,17.943744659423828,-8.935471534729004,14.706585884094238,-10.318375587463379,4.674612998962402,-11.80590534210205,3.229147434234619,-7.980220794677734,0.09646066278219223,-3.573042869567871,-0.43869781494140625,-2.1059935092926025,-4.894484519958496,-4.469542503356934,-4.863276481628418,0.13254626095294952,-0.6617761850357056,-0.3819507360458374,-4.650555610656738,-1.7491259574890137,-3.9699857234954834,-3.0389609336853027,-6.1165056228637695,-4.124823093414307,-2.608748435974121,2.2730305194854736,-1.7247498035430908,-2.967970848083496,-4.649407863616943,-0.9298546314239502,-1.402531385421753,-1.9664547443389893,-5.0746636390686035,1793.347173704999,3463.1069528531034,0.08571960496423048,0.2540090084075928,1761.3227471160715,0.11176535487174988
genres/jazz/jazz.00044.wav,-247.04441833496094,168.026123046875,-19.707693099975586,21.9368896484375,-0.7276302576065063,15.072904586791992,-1.2399541139602661,4.736289978027344,-2.029942274093628,6.529895782470703,-1.3924552202224731,5.61014986038208,-0.2933574318885803,5.661221027374268,3.2104310989379883,1.8674006462097168,7.022722244262695,5.048997402191162,2.446277379989624,-0.9089961647987366,1.8130284547805786,4.725722312927246,5.434190273284912,1.93055260181427,1.0024607181549072,-0.5302213430404663,0.8593015670776367,-0.9060889482498169,-3.65116548538208,-1.7575945854187012,-1.032612681388855,-2.038226842880249,-2.4737610816955566,-3.4568936824798584,-0.4053656756877899,-1.6169617176055908,-1.93900728225708,-3.368100643157959,-4.156067371368408,-3.1639676094055176,1247.3588202034618,1809.9631466611079,0.04966836148975251,0.2764832675457001,1004.6109540451959,0.08651376515626907
genres/jazz/jazz.00045.wav,-231.2989959716797,174.37901306152344,-19.72311782836914,47.348384857177734,-1.9432785511016846,6.657070159912109,-1.0884839296340942,-5.514930725097656,-13.738747596740723,-3.710453748703003,-6.3078813552856445,-1.504774570465088,-2.6242728233337402,-7.270920753479004,-2.3093020915985107,1.0290513038635254,-1.1097073554992676,-8.568900108337402,-4.060763835906982,-3.921609878540039,-1.6007256507873535,-2.48012375831604,-0.9403989911079407,-0.658821702003479,0.9199311137199402,-1.9260523319244385,0.7857641577720642,6.48099946975708,3.452371597290039,-1.418715476989746,-2.4192168712615967,0.31860190629959106,2.6620659828186035,3.950413703918457,1.0128974914550781,0.31065699458122253,0.7989497184753418,0.5031152963638306,-2.015256881713867,-3.1074490547180176,1187.0945406867945,1763.0164338928364,0.042621704007153906,0.2786840498447418,937.421761556774,0.10035652667284012
genres/jazz/jazz.00046.wav,-204.18394470214844,147.60635375976562,-25.21466064453125,49.34016799926758,-15.659561157226562,2.700343370437622,-7.840692520141602,-10.643508911132812,-4.793737411499023,-3.6701748371124268,-3.513326644897461,1.560359001159668,1.4795507192611694,-2.7322659492492676,-0.29020947217941284,-2.2197351455688477,1.5189327001571655,-1.055670142173767,-1.7779855728149414,-2.4721317291259766,1.0059545040130615,-0.5404262542724609,-1.9626649618148804,-2.4704127311706543,-2.7567782402038574,-2.3428220748901367,-4.926496505737305,-5.151871681213379,-1.2399907112121582,-2.0219171047210693,-5.224259853363037,-3.3350281715393066,-1.9366223812103271,0.174876868724823,-1.6146105527877808,-2.9549062252044678,-3.2592761516571045,-2.7093570232391357,-1.217753529548645,-3.221055507659912,1446.187645758544,2695.613965523492,0.05863604505027069,0.2504926323890686,1295.1814266977444,0.11050824820995331
genres/jazz/jazz.00047.wav,-201.76953125,109.304931640625,-15.516271591186523,44.27642822265625,-11.048357963562012,18.844453811645508,-11.311322212219238,18.402006149291992,-18.91156578063965,11.215729713439941,-11.906081199645996,6.960718631744385,-11.65368938446045,7.082480430603027,-9.11771297454834,9.884817123413086,-5.66099214553833,-3.324291229248047,-5.448065280914307,-0.3134006857872009,0.8182920813560486,6.185525894165039,-6.153226852416992,-2.7620115280151367,3.042386531829834,-2.5288326740264893,-0.3323081433773041,-4.3494086265563965,-0.36621570587158203,0.37828657031059265,-4.4117655754089355,0.5889968276023865,-2.85907244682312,-3.955662250518799,-1.8630518913269043,0.577619731426239,-0.05076887086033821,-4.2234930992126465,1.2596614360809326,-2.56992506980896,2144.7240751099484,4261.342626160093,0.09353588130800464,0.3585662245750427,1981.662203208472,0.05391008034348488
genres/jazz/jazz.00048.wav,-204.75439453125,117.43120574951172,-20.939767837524414,42.01603698730469,-10.348180770874023,19.23233413696289,-11.634732246398926,7.984093189239502,-20.270893096923828,8.783560752868652,-11.705145835876465,5.171061038970947,-11.232645034790039,6.072355270385742,-5.138806343078613,7.819002151489258,-1.2036529779434204,-1.0704222917556763,-3.1596784591674805,-1.539345383644104,1.6530503034591675,2.1689558029174805,-5.346958637237549,-5.559762001037598,2.0574049949645996,-1.6452183723449707,-0.7102718353271484,-2.179331064224243,2.030179023742676,-0.6706309914588928,-6.115113735198975,-3.1989479064941406,0.6648143529891968,-1.719122290611267,-1.9342973232269287,0.9992628693580627,-0.34277814626693726,-5.357657432556152,-1.6612287759780884,-3.6816213130950928,1947.94711393198,3685.4418548796402,0.07930246398878577,0.28259965777397156,1748.4005518696763,0.058675967156887054
genres/jazz/jazz.00049.wav,-165.4844207763672,87.2777328491211,24.829330444335938,28.397117614746094,-2.7716126441955566,-1.3289482593536377,-14.075454711914062,-4.764649868011475,-19.206525802612305,-0.6028450131416321,-11.943277359008789,-8.325477600097656,-8.230436325073242,-0.42099764943122864,-6.419614315032959,-1.531789779663086,2.0179543495178223,-0.44597581028938293,-0.9051809906959534,1.5429399013519287,-2.2413747310638428,1.9355744123458862,1.7406444549560547,-0.08448242396116257,-9.290447235107422,-3.9269533157348633,-5.602045059204102,-7.2712202072143555,-5.415497303009033,-3.57460880279541,1.0411384105682373,3.4904420375823975,-4.010063171386719,-3.6021342277526855,-1.259489893913269,1.9938163757324219,-1.80391263961792,-2.515022039413452,-0.11431171745061874,-0.6116857528686523,2467.069224646155,4562.174630220417,0.06476844970514307,0.20994126796722412,2049.640520145851,0.18435905873775482
genres/jazz/jazz.00050.wav,-54.857234954833984,77.31853485107422,8.3440580368042,31.686559677124023,11.311711311340332,11.73536491394043,7.878113269805908,13.474247932434082,-2.216510534286499,5.5890655517578125,1.5253973007202148,7.421084403991699,-0.9244759678840637,1.601806402206421,-6.050882816314697,1.2102018594741821,3.2255008220672607,2.9540984630584717,2.4420456886291504,1.9224556684494019,-7.587649345397949,-4.020769119262695,-2.0116052627563477,2.764636516571045,1.3773852586746216,-4.13106632232666,-7.831953048706055,0.9584970474243164,-3.8838398456573486,-3.3646960258483887,-1.2450048923492432,-1.7480412721633911,-8.155162811279297,-1.2450228929519653,1.2772239446640015,1.8354859352111816,-1.200958013534546,-1.2541571855545044,-5.554510593414307,-4.306606769561768,2760.0152692222937,5797.386911374713,0.08126299096903669,0.41008707880973816,2485.940907807433,0.1905163824558258
genres/jazz/jazz.00051.wav,-260.927734375,138.55923461914062,-16.339527130126953,49.15595245361328,-5.259302139282227,19.34958267211914,2.204603910446167,5.5511651039123535,-7.879702091217041,-0.20858852565288544,-1.6205707788467407,-1.724421739578247,3.94454288482666,0.2278948873281479,-0.43475469946861267,0.22789452970027924,1.516290545463562,-2.2390308380126953,-1.4543004035949707,-5.162262916564941,0.3089400827884674,2.9785726070404053,3.0487194061279297,-0.39251983165740967,2.4920103549957275,1.1266454458236694,-1.6839572191238403,0.2092665582895279,-0.867592990398407,-0.9159464240074158,-1.436912178993225,0.9802029132843018,0.9811806678771973,-1.4475051164627075,-3.0589439868927,-3.088238477706909,-1.0341876745224,0.4069710373878479,-0.2391262948513031,-2.60568904876709,1559.023627220141,2479.1744648165604,0.042435530259087396,0.2739872634410858,1193.2662134636287,0.06979591399431229
genres/jazz/jazz.00052.wav,-91.5029067993164,82.65945434570312,12.088583946228027,36.69758224487305,-0.7664415240287781,13.452943801879883,5.649839878082275,9.66515064239502,-3.7486281394958496,1.8064284324645996,1.4970065355300903,1.2616080045700073,0.8102231025695801,4.392617702484131,0.5600364804267883,3.8550865650177,-0.3000180423259735,0.2311299592256546,1.7595325708389282,1.6651577949523926,-6.653016090393066,0.6718975901603699,-2.942047595977783,-0.9827250242233276,-0.28793570399284363,-4.592769145965576,-1.4464021921157837,0.5377038717269897,-5.7064337730407715,-2.1138501167297363,-5.154937744140625,-2.9217312335968018,-1.116775393486023,-1.8893367052078247,-0.30134403705596924,-2.607126474380493,-2.8375730514526367,-3.317878246307373,-2.5896317958831787,-1.5524072647094727,2592.495164942463,5243.624608174001,0.07725502618178325,0.3662376403808594,2289.574755840761,0.1884319931268692
genres/jazz/jazz.00053.wav,-141.02537536621094,110.77957916259766,-27.506057739257812,51.98481750488281,-8.675413131713867,28.634902954101562,-1.6098471879959106,9.671142578125,-11.189146041870117,6.521961688995361,-9.410140991210938,-0.11176339536905289,-4.934309959411621,-0.16243281960487366,-2.67630934715271,-1.8629921674728394,-0.019071102142333984,-4.24114990234375,-4.228638172149658,-5.644222736358643,-2.2028400897979736,-3.641772747039795,-0.9593442678451538,-6.329742908477783,-5.4693989753723145,-8.432546615600586,-3.4517111778259277,-3.8204216957092285,-4.908204078674316,-4.10386848449707,-2.4829282760620117,0.35083484649658203,3.1839473247528076,2.046422243118286,-1.4869232177734375,-1.1446830034255981,-3.0602169036865234,-3.323612928390503,-0.834869384765625,4.401827335357666,1861.6187338459831,3646.3640040421983,0.07952338009957463,0.31171631813049316,1804.5907529650076,0.13009575009346008
genres/jazz/jazz.00054.wav,-111.64136505126953,121.76638793945312,-3.1201417446136475,20.952144622802734,2.5438055992126465,5.57656192779541,-3.244173765182495,2.607030153274536,-2.3018298149108887,3.9302594661712646,-3.640291690826416,-0.16365119814872742,-3.8900513648986816,0.4408065974712372,0.26131442189216614,-0.8760809898376465,-5.2732768058776855,-1.6059753894805908,-2.9322397708892822,-1.4189224243164062,-3.14345383644104,2.0514702796936035,-4.910998344421387,1.1647114753723145,1.186232328414917,-0.19673092663288116,-1.7847509384155273,0.24889962375164032,-3.7617084980010986,-4.941261291503906,-2.5374300479888916,1.0862089395523071,-4.497287750244141,-10.027117729187012,-9.06999397277832,-3.1174304485321045,-0.0428670309484005,0.6004951000213623,1.1179293394088745,-0.7456554770469666,2109.438546025433,3464.0417272930354,0.06482669411707882,0.27827030420303345,1670.233116562232,0.16239400207996368
genres/jazz/jazz.00055.wav,-260.3973693847656,180.6517333984375,-15.385265350341797,48.57170104980469,-0.09224604815244675,5.435179233551025,6.592422008514404,-9.165672302246094,-10.289590835571289,-2.9855446815490723,-5.814958572387695,-2.9293792247772217,-3.6206088066101074,-6.675253391265869,-1.352689504623413,1.8931615352630615,-2.6747970581054688,-4.601449966430664,-2.3773367404937744,-3.1154325008392334,-2.1962268352508545,-0.06691104918718338,0.2271755486726761,3.0191433429718018,5.248435020446777,1.280214548110962,2.6761441230773926,6.632016658782959,3.9492383003234863,0.2096867710351944,-0.46372249722480774,-1.7290288209915161,-0.8266271948814392,1.1663885116577148,0.6573882102966309,-1.2161941528320312,-2.9022951126098633,-1.8868988752365112,0.9056003093719482,0.8307552337646484,1204.8352414096294,1631.9769839399653,0.03777854311678268,0.2645995318889618,871.4359865873053,0.09149087220430374
genres/jazz/jazz.00056.wav,-37.888755798339844,65.09345245361328,14.328890800476074,21.305299758911133,7.4966864585876465,6.31797456741333,1.8994460105895996,6.556880950927734,-2.916606903076172,5.564050197601318,2.4387946128845215,2.9935364723205566,0.591778576374054,2.0113377571105957,-1.764214038848877,4.521035671234131,0.08407817035913467,-2.027350902557373,-3.867051839828491,-2.1145849227905273,-6.278980731964111,-2.070887327194214,-11.059133529663086,-7.146936416625977,-1.6674416065216064,-3.750504732131958,-8.393919944763184,-4.268215179443359,-3.977843761444092,-1.007399559020996,-7.440023899078369,-1.0825022459030151,-7.436795234680176,-5.708574295043945,-5.613667964935303,-5.671350479125977,-1.4566466808319092,-5.309645652770996,-1.6415917873382568,0.4325382113456726,3035.9715294554844,6860.793231670673,0.11474045973557692,0.37267327308654785,2976.3467583667048,0.19836749136447906
genres/jazz/jazz.00057.wav,-248.0308837890625,125.95625305175781,-12.608919143676758,30.273462295532227,-1.075209617614746,-2.2263877391815186,1.9285321235656738,0.22940310835838318,2.7007546424865723,-4.399659633636475,-6.444573879241943,-6.496408462524414,-3.991488456726074,2.3226780891418457,0.34983590245246887,-4.048587322235107,-1.4984519481658936,-3.5200717449188232,-6.187496662139893,-7.340962886810303,-3.885547399520874,-3.3458757400512695,1.4299464225769043,4.2447028160095215,6.200717449188232,6.764934062957764,2.888519763946533,0.8366625308990479,2.2168965339660645,-0.40979334712028503,-3.221905469894409,-1.8814945220947266,2.199249505996704,1.6694564819335938,-0.614434540271759,-1.5862747430801392,-1.0864102840423584,-1.3729157447814941,-1.9845037460327148,-3.330599308013916,1773.6764040126286,2584.9086540204466,0.06185877682714617,0.23416768014431,1378.5242743547162,0.07813578844070435
genres/jazz/jazz.00058.wav,-190.61631774902344,144.0543670654297,-28.410999298095703,33.81686782836914,-1.2972028255462646,-2.2945632934570312,-5.644637584686279,-3.6427037715911865,-10.533876419067383,-2.8481619358062744,-7.70797061920166,-8.58215618133545,-5.298099517822266,-4.029313564300537,-4.782705307006836,-5.7486572265625,-3.872396230697632,-3.6498422622680664,-7.23566198348999,-7.69695520401001,-3.347557783126831,-2.356818437576294,0.5224760174751282,2.1153173446655273,-0.5105105638504028,-1.669433355331421,-1.3078337907791138,-4.477586269378662,-4.171930313110352,1.9298514127731323,3.129134178161621,-2.211911678314209,-6.38871955871582,-2.1918914318084717,0.23901750147342682,-2.4478650093078613,-0.509107768535614,2.3616933822631836,-3.3787341117858887,-6.51603364944458,1580.2640965475446,2721.4188365537993,0.099600311774942,0.322403222322464,1545.494758082446,0.08056202530860901
genres/jazz/jazz.00059.wav,-179.77041625976562,114.68792724609375,28.3916015625,36.07065963745117,11.151986122131348,12.771337509155273,3.799591302871704,8.48492431640625,-0.053451549261808395,5.394354343414307,1.011903166770935,2.6756608486175537,-3.7310826778411865,-0.3278616964817047,-0.8281033635139465,2.4809768199920654,0.15661504864692688,1.5191305875778198,-1.2863214015960693,1.4079225063323975,1.6610807180404663,1.5166081190109253,-0.9196725487709045,2.2693264484405518,0.26171618700027466,-0.5502867698669434,-6.063613414764404,-2.761181354522705,-0.7311526536941528,-1.1729315519332886,-7.803750514984131,-4.602128505706787,0.18586990237236023,0.42781785130500793,0.4202565550804138,-1.2759056091308594,-3.4233081340789795,-1.1355690956115723,-4.963536739349365,-4.376770973205566,2132.913878836133,2913.813022866289,0.03801713930407464,0.31640762090682983,1391.4736421751793,0.182438462972641
genres/jazz/jazz.00060.wav,-190.42306518554688,129.54205322265625,-7.845529556274414,20.726064682006836,2.2027945518493652,7.79785680770874,6.1922831535339355,1.350951075553894,-1.5977308750152588,2.014625072479248,-1.9861774444580078,1.17690908908844,-1.3470838069915771,6.418328285217285,-0.20433834195137024,-1.5728741884231567,2.238405227661133,2.0401504039764404,0.17726582288742065,1.1860859394073486,6.521200180053711,5.610420227050781,1.432008147239685,-2.181163787841797,-1.9944453239440918,0.043754417449235916,-0.17430582642555237,-5.00065279006958,-7.043849468231201,-5.912929058074951,-4.70916223526001,-4.444812774658203,-4.403137683868408,-5.706666469573975,-2.07517671585083,0.06822115927934647,-0.26088738441467285,-2.240163564682007,-3.984396457672119,-1.9805386066436768,1886.8274278617805,2728.9046639356147,0.05241074233855375,0.2848820686340332,1427.4008895726513,0.10665149241685867
genres/jazz/jazz.00061.wav,-23.783523559570312,82.97753143310547,2.3325366973876953,29.473834991455078,6.6176347732543945,6.471293926239014,-0.7131462693214417,6.219242572784424,-3.3741493225097656,5.6667327880859375,-0.35649585723876953,3.1994802951812744,-0.22041626274585724,0.37777474522590637,-1.5704079866409302,1.4725147485733032,-5.362903594970703,-0.0696728453040123,-1.157246470451355,-0.04255400970578194,-2.9779207706451416,-3.1826717853546143,-5.344803333282471,0.8546078205108643,-3.557804584503174,-2.479729175567627,-2.4667184352874756,-1.2977427244186401,-4.922053337097168,-4.1707611083984375,-0.6847468018531799,-2.977966785430908,-4.70689582824707,-0.8787230253219604,-5.660404205322266,-1.5880731344223022,-2.477151870727539,1.4117653369903564,0.41208362579345703,-0.04176170006394386,2656.832951090179,5469.10307643419,0.09425926647640061,0.3702608644962311,2454.9053024959994,0.23188979923725128
genres/jazz/jazz.00062.wav,-168.12301635742188,108.28652954101562,-14.164619445800781,30.451074600219727,3.8777341842651367,4.671604156494141,3.1896064281463623,1.918519377708435,-1.141935110092163,0.2344261258840561,-5.25400972366333,-2.5569310188293457,-7.229941368103027,2.78489351272583,-7.117700099945068,-4.6768083572387695,-4.040711402893066,-1.619014859199524,-2.01961612701416,-5.043975353240967,-4.030121803283691,-7.0360798835754395,-8.097907066345215,-7.804296493530273,-5.383498191833496,-3.250640869140625,0.5171498656272888,-2.0574679374694824,0.4529653489589691,-1.4878032207489014,-3.270761489868164,-3.8666350841522217,-0.9273980855941772,-1.3258371353149414,-2.4515535831451416,-0.9352515935897827,1.1699864864349365,-0.9206392168998718,-2.8283731937408447,2.3727009296417236,2090.801570152939,3504.4330499564967,0.06751573980085074,0.28570985794067383,1725.4169334350547,0.09782096743583679
genres/jazz/jazz.00063.wav,-50.56663131713867,85.05270385742188,3.5541443824768066,22.807992935180664,-1.5852786302566528,6.1171159744262695,2.355463981628418,3.6481335163116455,-1.8734157085418701,4.319544315338135,1.0411174297332764,0.8000354766845703,-0.7808219790458679,0.36341023445129395,-3.3955025672912598,1.4113445281982422,0.41280046105384827,3.6444199085235596,-1.3500758409500122,1.2259851694107056,1.1605781316757202,3.385280132293701,0.8847236037254333,-1.6867806911468506,-1.0064183473587036,-0.7550707459449768,-3.3769068717956543,-0.9231037497520447,-4.745730876922607,-2.3877177238464355,-2.4204068183898926,-1.795602798461914,-3.8739850521087646,-3.921102523803711,-4.164159774780273,-4.150188446044922,-3.1618592739105225,-1.5066362619400024,-2.3708877563476562,-2.156738519668579,2688.307310573892,5553.607345721043,0.09874629682721713,0.38281017541885376,2481.389015092891,0.16254478693008423
genres/jazz/jazz.00064.wav,-69.56849670410156,126.00577545166016,-5.152334690093994,30.784008026123047,8.31467056274414,5.089994430541992,-3.9117014408111572,5.379870891571045,-10.785662651062012,9.03311538696289,-8.263830184936523,4.794732093811035,-5.12715482711792,2.20979905128479,-4.782375335693359,0.6222682595252991,0.030014239251613617,1.2363700866699219,4.036509037017822,5.09086275100708,-4.194836139678955,1.689708948135376,-6.387168884277344,-1.4234344959259033,0.5106219053268433,-0.5380935668945312,-1.7477070093154907,4.704970359802246,-5.446987152099609,-4.354515075683594,-1.3526496887207031,-0.28227564692497253,-5.711411952972412,5.79878568649292,-1.1494296789169312,-0.7633842825889587,0.675820529460907,-2.769800901412964,-1.7522128820419312,-2.6723473072052,2069.285703526503,3338.7955880220416,0.055842305926140756,0.37988173961639404,1574.6463671829852,0.2121071219444275
genres/jazz/jazz.00065.wav,-235.76803588867188,144.79299926757812,-22.586729049682617,62.5685920715332,-9.3117036819458,2.0413146018981934,-0.3344379961490631,1.9954767227172852,5.5275983810424805,0.30634012818336487,9.457296371459961,2.8999722003936768,2.5643606185913086,8.440839767456055,-2.321455955505371,2.568354368209839,-0.05828186124563217,-1.626524567604065,3.2606682777404785,-1.309227466583252,2.277818441390991,2.543428421020508,-2.1246378421783447,1.3784096240997314,-1.9865964651107788,-4.811134338378906,-0.5900460481643677,0.06658392399549484,-3.271127939224243,-4.748137474060059,-1.6666162014007568,-0.11368890851736069,-1.6707549095153809,-1.866055965423584,-1.86561918258667,-2.5904486179351807,-1.996919870376587,-1.3231548070907593,-0.573930025100708,-0.6425527930259705,1518.245530938789,2754.218251522622,0.07649135368329467,0.247623011469841,1337.4754415369662,0.08227276057004929
genres/jazz/jazz.00066.wav,-118.42057800292969,122.29996490478516,-12.955240249633789,26.84390640258789,4.373145580291748,6.9010138511657715,-6.818572044372559,-0.3913220465183258,-8.27093505859375,-5.011241912841797,-4.350816249847412,0.3212636411190033,-4.5426025390625,2.8382198810577393,-5.1690897941589355,5.335265159606934,-1.2362924814224243,3.5804712772369385,-0.513063371181488,0.32694360613822937,-0.068182073533535,1.588991641998291,0.7642462849617004,-0.03822406381368637,-1.9155555963516235,1.2761718034744263,-2.9582314491271973,-1.2745975255966187,-1.4855823516845703,0.5677158832550049,-4.857544422149658,-4.728488445281982,-3.763335943222046,-2.2300868034362793,-1.869545817375183,0.44698113203048706,-1.0322542190551758,-0.0607745386660099,-0.8617140054702759,-4.903302192687988,1854.0441353693254,2967.528042471482,0.0883246111723543,0.2577684819698334,1579.4904385281918,0.17293934524059296
genres/jazz/jazz.00067.wav,-177.2891082763672,144.35586547851562,-17.27964210510254,55.699066162109375,-21.246429443359375,0.36000820994377136,-1.5879892110824585,-10.414144515991211,-5.185567378997803,-0.5061222910881042,-8.73398494720459,3.8632380962371826,-7.962100505828857,-3.013435125350952,-2.739326000213623,-2.603281259536743,-2.2233855724334717,-1.9524309635162354,-0.02534058876335621,0.767390251159668,-2.5334250926971436,-2.1733057498931885,-2.0048828125,-2.794583797454834,2.5091733932495117,1.5647027492523193,2.196760892868042,2.162309169769287,1.1483546495437622,-2.6000592708587646,-2.8237414360046387,-0.38129979372024536,1.3511632680892944,0.7231607437133789,-0.07724785059690475,-2.291815757751465,-2.894183874130249,-1.1342180967330933,-0.5886321663856506,-1.828966736793518,1566.36278487432,2829.7093650304523,0.054932207076566125,0.23671954870224,1353.6838211633806,0.1380803883075714
genres/jazz/jazz.00068.wav,-204.45587158203125,138.61685180664062,-10.798212051391602,46.562232971191406,-22.315174102783203,9.679131507873535,-11.097612380981445,-17.79602813720703,-7.582522392272949,-1.612270712852478,-7.660362243652344,-1.023084044456482,-9.981720924377441,-6.660655498504639,-3.8583803176879883,-5.074794292449951,-2.0351858139038086,-0.2558991312980652,-3.1773664951324463,-2.43985652923584,-0.26117759943008423,-2.957505941390991,0.8103306889533997,0.619106650352478,-1.0228673219680786,-3.891199827194214,1.0765571594238281,-0.40480971336364746,1.9875448942184448,3.39609956741333,-1.347778558731079,-1.8266682624816895,-0.20317333936691284,1.0694612264633179,-0.19597862660884857,0.8554753661155701,-0.35427260398864746,-1.2952821254730225,0.051327355206012726,0.008537959307432175,1642.0034563864149,2830.4671072904584,0.06120433645108275,0.28506335616111755,1381.9736111236975,0.09952051192522049
genres/jazz/jazz.00069.wav,-159.1635284423828,91.98928833007812,-16.739978790283203,27.382221221923828,6.128925800323486,3.251192569732666,7.155528545379639,4.033526420593262,3.607133388519287,3.5579116344451904,-0.5649105310440063,-3.7183384895324707,-4.729242324829102,-2.6044018268585205,-3.2993197441101074,-3.5367422103881836,-0.8835067749023438,-2.307889699935913,-0.9494119882583618,-5.452982425689697,-4.397893905639648,-4.559321403503418,-0.4670957624912262,0.16223002970218658,-1.3644356727600098,-3.5738370418548584,-2.8894762992858887,-2.8053154945373535,-4.1950225830078125,-4.991186618804932,-5.209217071533203,-1.5804616212844849,1.3037428855895996,-0.8302842974662781,-3.785050868988037,-3.914971351623535,-1.5732102394104004,-0.8570085763931274,-2.4355709552764893,-4.6821818351745605,2227.9945717089186,3914.221729535238,0.08750241686001546,0.2541193664073944,2011.4676640409414,0.11180935055017471
genres/jazz/jazz.00070.wav,-238.00814819335938,155.9166259765625,-9.195623397827148,13.170737266540527,6.585514545440674,8.898472785949707,4.001019477844238,0.27070367336273193,1.7672127485275269,3.357362985610962,1.1744951009750366,3.611320972442627,1.1503392457962036,4.803765296936035,3.481219530105591,2.066869020462036,6.538361072540283,5.657732009887695,1.7955646514892578,-0.2569645643234253,1.175523281097412,5.349020481109619,4.825160503387451,2.518308401107788,0.4453940689563751,-0.04217080771923065,0.4953349828720093,-0.69700026512146,-3.746464490890503,-1.7203319072723389,-1.030373454093933,-2.077620029449463,-2.435270071029663,-3.4584715366363525,-0.4298105239868164,-1.604943037033081,-1.9261887073516846,-3.395613193511963,-4.114151477813721,-3.2325940132141113,1543.6865056572144,1954.125693336717,0.05004033135150812,0.27650076150894165,1116.2165448685432,0.08652106672525406
genres/jazz/jazz.00071.wav,-228.41830444335938,170.47239685058594,-16.10466766357422,43.98448944091797,1.099852442741394,4.012329578399658,1.0950076580047607,-7.203383922576904,-12.534754753112793,-4.426027774810791,-6.071396827697754,-1.3284555673599243,-3.147653818130493,-6.472996234893799,-3.3037710189819336,2.1495983600616455,-2.3033010959625244,-7.3645710945129395,-5.207275867462158,-2.8683876991271973,-2.5395548343658447,-1.6778217554092407,-1.566231369972229,-0.19615523517131805,0.5923840999603271,-1.759129524230957,0.745089054107666,6.4324140548706055,3.594369411468506,-1.618048906326294,-2.1791844367980957,0.05107693746685982,2.919389486312866,3.69107985496521,1.2648402452468872,0.09799069166183472,0.9767452478408813,0.3591896891593933,-1.900275468826294,-3.1849207878112793,1300.530352829625,1794.2837106656032,0.04257072336620263,0.27727386355400085,970.8828229986451,0.10035718232393265
genres/jazz/jazz.00072.wav,-202.78819274902344,145.76976013183594,-23.583513259887695,47.853328704833984,-14.36994457244873,1.6565239429473877,-7.067866802215576,-11.121252059936523,-4.602235794067383,-3.605165958404541,-3.799314498901367,2.0405142307281494,0.8504100441932678,-2.0264406204223633,-1.040563941001892,-1.4517179727554321,0.785719633102417,-0.403668075799942,-2.340947151184082,-2.012356758117676,0.6769086122512817,-0.329174667596817,-2.078322649002075,-2.4630653858184814,-2.6683406829833984,-2.4919092655181885,-4.737910270690918,-5.373524188995361,-1.0061116218566895,-2.251189947128296,-5.012973785400391,-3.508202314376831,-1.8012683391571045,0.059304457157850266,-1.5353779792785645,-2.992711305618286,-3.249448537826538,-2.6853058338165283,-1.260574460029602,-3.1721415519714355,1554.2495044714958,2751.820122172274,0.058720635150812064,0.25049179792404175,1336.1537045530652,0.11050861328840256
genres/jazz/jazz.00073.wav,-84.02204132080078,63.09621047973633,5.6135735511779785,24.92837142944336,6.19007682800293,-2.9116463661193848,-0.3655358552932739,-1.0756996870040894,-4.244710445404053,-2.3195950984954834,1.5784741640090942,1.9404984712600708,1.541318655014038,-4.474722862243652,-5.312264442443848,-3.00174617767334,-2.8961269855499268,-3.325608730316162,0.31781190633773804,-3.970715284347534,-6.967139720916748,-4.652145862579346,-4.911869049072266,-4.974870681762695,1.0675429105758667,3.60036039352417,5.737452983856201,0.7557200193405151,-6.303134918212891,-1.455915093421936,-11.523930549621582,-2.501682996749878,3.570157289505005,-1.7748751640319824,-2.1245369911193848,-6.322226047515869,-1.2270853519439697,-1.0310629606246948,-1.2792584896087646,0.7428403496742249,2921.8216753512424,6414.554689765806,0.12970003746133024,0.332275927066803,2967.7774637881503,0.13320837914943695
genres/jazz/jazz.00074.wav,-149.1818389892578,79.08159637451172,2.0287210941314697,27.620105743408203,0.3151356875896454,1.7298067808151245,-3.6065456867218018,-0.15250499546527863,-5.030524730682373,1.245246410369873,1.1495239734649658,-0.6124311685562134,1.823458194732666,-2.0553767681121826,-6.007813930511475,-4.9289231300354,-3.95888614654541,-3.559706687927246,-0.8561365008354187,-2.1851863861083984,-1.4334524869918823,-1.8794187307357788,5.564474105834961,-0.6869601607322693,-3.7632522583007812,-0.31944695115089417,-5.890428066253662,-2.0803775787353516,-0.9853897094726562,-0.43357759714126587,-6.811177730560303,-6.770114421844482,0.4577175974845886,-1.7383673191070557,-0.16875378787517548,0.6209735870361328,-3.4491312503814697,-3.318920850753784,-7.83212423324585,1.326735258102417,2552.7834396834414,5135.902096777118,0.09553696587393658,0.2948867380619049,2415.0343920865366,0.11275491863489151
genres/jazz/jazz.00075.wav,-78.16747283935547,63.23966979980469,-1.6747180223464966,21.018936157226562,4.4549336433410645,-3.600541114807129,-1.5584204196929932,-3.072726249694824,-6.074428558349609,-1.9531550407409668,1.784447193145752,-1.205538034439087,0.9507343769073486,-2.563657522201538,-7.776575088500977,-5.946190357208252,-3.021665334701538,-2.463420867919922,-1.0342363119125366,-5.114806175231934,-1.1952773332595825,1.1698559522628784,-3.3290185928344727,-7.117201328277588,-0.4514975845813751,1.697433352470398,2.5613958835601807,-2.3271143436431885,-10.208194732666016,-4.006585121154785,-8.680773735046387,-2.7945566177368164,0.3583965599536896,-3.0536134243011475,-2.6392738819122314,-4.797580242156982,-2.2019927501678467,-1.4849529266357422,-1.5886143445968628,-0.44892191886901855,2854.682004941953,6196.62468505293,0.12648901235015467,0.29369619488716125,2902.086088336836,0.14697113633155823
genres/jazz/jazz.00076.wav,-154.32351684570312,110.69579315185547,-22.306968688964844,21.169391632080078,4.263514995574951,4.7524495124816895,-4.099985599517822,-1.0060592889785767,-6.405926704406738,-9.242158889770508,-3.631922721862793,-5.505253314971924,0.5474013090133667,-0.5001964569091797,-4.802399158477783,-11.205058097839355,-3.9271421432495117,-1.45792818069458,-4.40317440032959,-10.596964836120605,-6.277403831481934,-8.288979530334473,-4.466106414794922,-1.3218233585357666,-6.221583843231201,-4.859014511108398,-2.8748488426208496,-1.4752954244613647,-6.042710781097412,-3.82159161567688,-5.433774471282959,-0.9356322288513184,1.1408394575119019,-0.5489308834075928,-2.1274590492248535,-2.2706470489501953,-3.0488734245300293,-4.722204685211182,-3.792567729949951,-0.049781084060668945,2067.7714401163794,3379.5887674920245,0.06870037884280743,0.3032039701938629,1733.471675696404,0.11915598064661026
genres/jazz/jazz.00077.wav,-77.01703643798828,64.53250885009766,-2.856184482574463,28.52058219909668,4.688070297241211,-2.8038084506988525,-5.939004421234131,1.909650444984436,-5.196979522705078,-2.3182430267333984,-2.9398386478424072,-6.155029296875,-0.7599706649780273,-4.476985931396484,-4.151544094085693,2.1326546669006348,0.8494120836257935,-2.658703088760376,-3.3278305530548096,-8.307000160217285,-5.609612941741943,-1.072500467300415,-3.705819845199585,-7.518289566040039,-6.508209228515625,-5.78014612197876,-0.6665743589401245,-3.594421148300171,-7.383328914642334,-0.4871295988559723,-0.4657845199108124,0.2924679219722748,-4.897487163543701,-7.628598690032959,-3.8145081996917725,-4.682336807250977,-4.620889186859131,-0.12524133920669556,0.865994930267334,-1.1806285381317139,2691.2281622864225,5813.731692285382,0.1308816554282676,0.3073877692222595,2777.8587057732875,0.14578405022621155
genres/jazz/jazz.00078.wav,-141.4669189453125,70.87911224365234,-0.529633104801178,33.574066162109375,1.431034803390503,-9.162246704101562,0.7941303253173828,0.5658749938011169,-9.172904968261719,-2.565256118774414,4.063343524932861,-2.232276678085327,-0.6875854134559631,-0.8293194770812988,-6.478431701660156,-5.984086990356445,-4.226654052734375,-3.226716995239258,-4.074624538421631,-6.569851875305176,-2.8633482456207275,0.9115981459617615,2.351787567138672,-1.7505241632461548,0.042008236050605774,-1.6445046663284302,-4.183670997619629,-0.5690839886665344,-7.612142086029053,-3.3173537254333496,-2.907763957977295,-2.8349246978759766,1.9609850645065308,-3.7062246799468994,-1.8930641412734985,-5.08594274520874,-3.578155279159546,-1.3511066436767578,-0.38299092650413513,-0.5055528879165649,2598.2944152622854,5155.661683403422,0.09586928412606342,0.26612260937690735,2503.275005368403,0.11922888457775116
genres/jazz/jazz.00079.wav,-163.5303497314453,65.97244262695312,5.347550868988037,41.905540466308594,7.031604290008545,5.499666213989258,8.924790382385254,2.6793766021728516,-0.175657719373703,5.169557094573975,10.489633560180664,3.3396968841552734,3.841381072998047,2.5454940795898438,5.697988510131836,-1.0810319185256958,-1.7603607177734375,-5.186885833740234,-5.654775142669678,-9.772273063659668,-7.115432262420654,-3.8331706523895264,-2.471867084503174,-0.11593219637870789,-5.185137748718262,-7.038753032684326,-2.1450085639953613,-3.2624340057373047,-5.722292423248291,-1.5673497915267944,-1.2015233039855957,1.3796942234039307,-3.58467173576355,-2.9473423957824707,-2.798750638961792,-7.259325981140137,-2.292745590209961,0.7664110064506531,3.3958568572998047,-2.5563950538635254,2728.240132577326,5561.653324844113,0.1078452031370843,0.3383476138114929,2634.0430299917653,0.06985007226467133
genres/jazz/jazz.00080.wav,-117.23739624023438,56.984413146972656,-2.1000399589538574,35.612892150878906,4.705498695373535,3.8964319229125977,11.594325065612793,6.0767974853515625,0.5786886215209961,2.273552656173706,2.703758955001831,-1.8503674268722534,1.6781407594680786,0.3938535749912262,2.058807373046875,-1.1904160976409912,-1.064693808555603,-6.278791904449463,-5.385145664215088,-4.865997791290283,-5.660305500030518,-4.751681327819824,-3.3756892681121826,-0.3269716501235962,-2.9500510692596436,-5.241270542144775,-5.2824015617370605,-3.590442657470703,-5.810329914093018,-5.595983982086182,-1.3915499448776245,-0.2160726636648178,-2.755955457687378,-5.368168354034424,-4.0961527824401855,-4.535012722015381,-1.2506818771362305,2.9610979557037354,2.038599967956543,-1.5330907106399536,2829.0488037484456,6201.978841901102,0.14034857163573086,0.37062329053878784,3029.3823831428363,0.07574117928743362
genres/jazz/jazz.00081.wav,-228.3341522216797,67.55115509033203,37.06314468383789,21.315366744995117,17.055187225341797,10.133660316467285,10.78442096710205,8.017327308654785,2.0406041145324707,0.2791903018951416,2.485170841217041,3.8445777893066406,1.585923194885254,2.8453714847564697,0.055653300136327744,-0.2071143090724945,2.2984941005706787,3.2908079624176025,4.057733058929443,-0.1848738193511963,-0.2615797817707062,-3.219270706176758,0.9226757884025574,3.3556289672851562,0.710324227809906,-2.477818489074707,3.2097747325897217,-1.3881518840789795,0.5554814338684082,-1.0764068365097046,-3.472601890563965,-4.025731086730957,-3.668268918991089,0.6453195810317993,-2.4572057723999023,-2.128652334213257,-0.032254647463560104,-0.6705688834190369,-2.8736772537231445,-1.4363526105880737,3302.303169556602,7277.081879440981,0.10012748936581593,0.441748708486557,3026.6071391311207,0.043248288333415985
genres/jazz/jazz.00082.wav,-158.33206176757812,49.620635986328125,21.609712600708008,16.52276611328125,11.428733825683594,6.256602764129639,5.637961387634277,-0.18747186660766602,-0.2382984608411789,-1.987752914428711,2.0332982540130615,2.692450523376465,-1.4582583904266357,-1.7997933626174927,-1.8232406377792358,-3.3068861961364746,-1.5234382152557373,-1.1889809370040894,-2.978100538253784,-1.8659579753875732,0.10324931889772415,-1.9716259241104126,-2.2471516132354736,0.6854777932167053,0.1788298636674881,-2.4526443481445312,-3.2975358963012695,-3.9529550075531006,-3.700444459915161,-3.4775617122650146,-2.310511589050293,-4.045066833496094,-2.579124927520752,-1.0443590879440308,-1.4707330465316772,-1.3215885162353516,-2.7062127590179443,0.17329658567905426,-1.2355142831802368,-0.3560493290424347,3328.972306763524,8036.839234248115,0.2066977988447409,0.40145233273506165,3905.044386155029,0.047837384045124054
genres/jazz/jazz.00083.wav,-125.9474105834961,56.63225173950195,23.471214294433594,23.71107292175293,-0.2973291873931885,7.155765056610107,0.18181075155735016,-0.8402938842773438,-4.153738021850586,-1.889833688735962,2.524744987487793,0.5211718082427979,0.9219022989273071,0.04393728822469711,2.922024726867676,0.13386274874210358,1.3242521286010742,0.37189802527427673,-6.132279872894287,-4.945897102355957,3.2206473350524902,2.344594717025757,-2.0325469970703125,-1.5498453378677368,-3.449549674987793,-4.895047664642334,-0.23904670774936676,0.045413412153720856,-2.1638576984405518,-3.4740207195281982,-5.756667137145996,-6.364372730255127,-4.718805313110352,-3.8209824562072754,-5.479386329650879,-5.290588855743408,-2.0790510177612305,0.5001710653305054,-2.755418300628662,-3.2667171955108643,3147.3472242700414,7233.074540494489,0.14964517473897912,0.42931851744651794,3392.9469943300037,0.0743442177772522
genres/jazz/jazz.00084.wav,-178.01138305664062,61.93067169189453,1.4841169118881226,36.04398727416992,7.582530498504639,5.155580997467041,-0.9078322649002075,2.9519968032836914,1.449449062347412,2.1397151947021484,5.175337314605713,2.0277481079101562,0.5200148820877075,6.5316033363342285,2.606900691986084,4.856011390686035,7.935544013977051,4.5339765548706055,-1.5993808507919312,3.73406982421875,2.855133295059204,-3.720977783203125,-2.249119281768799,3.350393056869507,1.0467110872268677,-0.5288475155830383,-3.0980732440948486,-1.1059468984603882,0.8002391457557678,-2.62577223777771,-3.2598392963409424,-0.7763313055038452,-2.2369723320007324,-2.7513129711151123,-0.7103859782218933,-0.9929842948913574,-1.1935936212539673,0.018284961581230164,-2.3213298320770264,-7.3720703125,2802.921671135841,6139.161175862819,0.11831247281032482,0.39298945665359497,2875.0816780868668,0.051700159907341
genres/jazz/jazz.00085.wav,-131.87435913085938,61.60850524902344,-12.673341751098633,35.08202362060547,-2.137192964553833,-0.9554193019866943,-4.83950662612915,-4.106919288635254,-3.2717599868774414,2.5085697174072266,6.401943683624268,3.4119980335235596,-2.9023818969726562,3.227473020553589,-1.3391515016555786,0.876794695854187,3.6809298992156982,0.6494917869567871,-0.3579697012901306,6.315171241760254,6.7614312171936035,-0.9786816835403442,-6.331628322601318,2.1199429035186768,-1.9724791049957275,-4.154130935668945,-5.156246185302734,-1.9650626182556152,0.7120720148086548,-1.4585232734680176,-3.113218069076538,-3.631380081176758,-5.8687357902526855,-3.401477813720703,-2.1338672637939453,-1.488977313041687,-3.301217794418335,-0.08842214196920395,4.829692840576172,-1.39146888256073,2566.129935657497,5605.169380347303,0.14755912243812838,0.32533615827560425,2860.5718590849415,0.07143145054578781
genres/jazz/jazz.00086.wav,-156.61805725097656,22.764699935913086,10.472748756408691,24.151216506958008,10.134651184082031,2.9671566486358643,2.4885146617889404,0.48511403799057007,2.6930642127990723,1.2340401411056519,3.327141284942627,-7.809596538543701,1.1046866178512573,1.8795846700668335,2.325613260269165,0.7149568796157837,2.9829413890838623,1.0151231288909912,7.60840368270874,-2.060513734817505,1.82289719581604,-4.872884273529053,-9.705068588256836,5.276711940765381,-1.523706316947937,-2.808896064758301,-4.346449851989746,0.721538245677948,6.280370235443115,-2.112307071685791,-10.139151573181152,1.1033995151519775,-0.7439889907836914,-1.6371681690216064,1.8379181623458862,3.6298561096191406,-3.806385040283203,-1.9241249561309814,2.2097179889678955,-4.284219264984131,3220.5706235987673,8257.12573412123,0.26163718097447797,0.3374767303466797,4135.664563787816,0.052422426640987396
genres/jazz/jazz.00087.wav,-340.98095703125,89.77674102783203,44.569427490234375,28.885936737060547,16.333358764648438,10.61583423614502,6.9958367347717285,0.8437709808349609,6.093809127807617,7.13511323928833,5.4401092529296875,2.73931622505188,9.364577293395996,5.582603931427002,3.780942916870117,3.1573429107666016,0.28455987572669983,-1.3777934312820435,-1.5930343866348267,-1.9968485832214355,-2.5696609020233154,-1.2640810012817383,-1.2935841083526611,-3.5428433418273926,-5.659163951873779,-4.863031387329102,-1.9155855178833008,-5.409566879272461,-5.615838527679443,-0.6497248411178589,-4.688875198364258,-4.738696098327637,-0.2941386103630066,-0.9583675265312195,-2.9611990451812744,-3.33673357963562,-5.894668102264404,-6.226058006286621,-3.338550090789795,-1.6457875967025757,2731.1479954564866,4330.014059327871,0.04283468979601701,0.3424496650695801,1846.4665678239705,0.045812010765075684
genres/jazz/jazz.00088.wav,-192.50746154785156,80.97053527832031,25.695173263549805,18.540185928344727,14.171231269836426,1.2574198246002197,4.08661413192749,-1.4149084091186523,2.667311668395996,5.245385646820068,3.7235777378082275,0.28951942920684814,7.333014011383057,0.8802608251571655,-1.2183339595794678,-1.3383138179779053,1.1578483581542969,2.6749794483184814,3.223322868347168,-3.0096917152404785,-1.1641446352005005,3.9972190856933594,1.4202901124954224,-1.8499709367752075,-2.3576338291168213,-2.714874505996704,2.8338661193847656,-8.987542152404785,-7.444538116455078,6.295895576477051,-4.811200141906738,-5.793251991271973,-1.3635144233703613,-3.683948040008545,-0.08421501517295837,-4.255975723266602,-3.017462968826294,-5.1996660232543945,-1.918027639389038,-5.158720970153809,3006.9624473958966,5925.810932062065,0.069027032579273,0.29096633195877075,2427.985227066133,0.09159285575151443
genres/jazz/jazz.00089.wav,-322.4306945800781,90.68418884277344,27.027721405029297,37.849365234375,19.69342041015625,4.613143444061279,3.0715742111206055,7.978131294250488,1.9327788352966309,2.0925819873809814,0.4449014365673065,4.884690761566162,13.051313400268555,0.40196144580841064,-0.7226431369781494,4.720954895019531,1.2450087070465088,-3.748103141784668,1.6935765743255615,0.3932015597820282,4.183518409729004,2.196413040161133,2.517761707305908,4.515897274017334,0.05929822847247124,2.491074323654175,-1.1414666175842285,-2.2392914295196533,-0.16613608598709106,-4.853446006774902,-6.178443431854248,-4.0022969245910645,-4.80307674407959,-2.8190534114837646,-4.032786846160889,-5.544338226318359,-7.23161506652832,-6.295106887817383,-2.4814815521240234,-4.6313252449035645,2485.188703761451,3904.471002211427,0.06275188212973705,0.2804654538631439,1787.4214085347667,0.04505297169089317
genres/jazz/jazz.00090.wav,-217.62921142578125,105.63174438476562,19.316329956054688,28.353858947753906,8.658822059631348,0.1473315954208374,6.3797783851623535,-2.528024673461914,-12.983210563659668,-11.144979476928711,-6.159602642059326,-7.746043682098389,0.4135424494743347,-1.2624009847640991,1.706143856048584,-2.306870460510254,-3.808311939239502,-3.676954984664917,0.5803555846214294,0.5768086314201355,2.0691606998443604,0.7043712735176086,-0.6403647065162659,-0.6354484558105469,-0.953170895576477,3.386568069458008,3.639695644378662,0.4480636715888977,-3.230947256088257,-3.180626392364502,-0.7463763356208801,-1.7659451961517334,-6.072193622589111,-6.087254524230957,-2.5768203735351562,-3.609001636505127,-3.8360235691070557,-4.240622520446777,-1.3583111763000488,-0.5693804025650024,2569.423294708986,4292.060331623405,0.054141818324632635,0.27002474665641785,1875.0101213777216,0.061381082981824875
genres/jazz/jazz.00091.wav,-299.3326416015625,60.76070785522461,32.089752197265625,25.69325828552246,7.443336486816406,-1.2973519563674927,1.8589112758636475,5.2580485343933105,-5.5391950607299805,-3.093576192855835,3.649505376815796,-2.3044400215148926,0.8978362083435059,3.3332464694976807,7.252439498901367,5.924357891082764,-8.256767272949219,-0.46797236800193787,1.9890815019607544,-6.996024131774902,-0.0015341396210715175,2.868690013885498,0.8345600962638855,1.7786537408828735,1.699121356010437,4.391483306884766,-1.6287740468978882,-2.3465769290924072,-0.542385995388031,-2.307422399520874,0.8407171964645386,2.6668179035186768,-6.531500816345215,-4.331521034240723,-2.6124982833862305,-2.3057336807250977,1.4615763425827026,-3.4359214305877686,-0.7440062761306763,-2.631024122238159,2832.772659411977,6065.526947233904,0.15147972254447023,0.23101526498794556,2959.1430079205684,0.04092894122004509
genres/jazz/jazz.00092.wav,-294.04205322265625,84.62509155273438,39.08671569824219,28.61971664428711,14.11871337890625,1.0194356441497803,7.341592788696289,5.205275058746338,-3.7385640144348145,-5.043101787567139,2.2185347080230713,-0.5735867619514465,4.209569454193115,0.11363816261291504,0.8465070128440857,-2.127957344055176,-4.501405715942383,-1.0883910655975342,7.246240139007568,-0.2654290497303009,-1.6553852558135986,4.518294334411621,6.198636054992676,2.773318290710449,0.5753872394561768,1.5842360258102417,-1.6803416013717651,-1.3423837423324585,-0.5753709077835083,-2.75243878364563,-5.7913994789123535,-4.059396743774414,-1.92786705493927,-1.220330834388733,-1.4092669486999512,-3.446627140045166,1.8609539270401,-4.547031402587891,-6.331638813018799,3.6197218894958496,2795.037566915897,5026.595694061775,0.07547665011117556,0.270171582698822,2215.1958084364232,0.053567178547382355
genres/jazz/jazz.00093.wav,-215.3440704345703,100.93315124511719,17.104785919189453,12.981799125671387,16.05806541442871,4.762521743774414,4.5677595138549805,-3.135995626449585,-4.154349327087402,-2.299647569656372,-4.923635482788086,-3.3440818786621094,-1.4227473735809326,-5.025732517242432,-0.6727110743522644,1.3459371328353882,2.00022554397583,-0.2478751242160797,0.9635515809059143,-2.1370880603790283,-2.1345272064208984,-1.3894630670547485,-3.071596145629883,0.6627468466758728,0.3952360153198242,-5.9057793617248535,-0.4439557194709778,-0.00020120831322856247,-0.12441584467887878,-5.416684627532959,-5.983758926391602,-0.6853992342948914,1.896069884300232,3.9777610301971436,-2.034726142883301,-0.27296167612075806,-2.510504961013794,-4.969703674316406,-1.640331745147705,0.7294769287109375,2775.4944870608188,5015.995629259716,0.08172045690738593,0.2694237232208252,2152.894239308219,0.04530353844165802
genres/jazz/jazz.00094.wav,-366.3855895996094,131.6950225830078,16.516376495361328,36.308555603027344,5.077533721923828,14.66619873046875,-6.155358791351318,4.708173751831055,-9.590351104736328,-1.3121757507324219,-2.6869542598724365,1.5721322298049927,-2.269956350326538,-0.18014444410800934,-3.2506957054138184,-4.68835973739624,-3.56656551361084,-3.9578065872192383,-1.8223940134048462,-0.9246951937675476,7.3031907081604,6.532443523406982,1.5645643472671509,-1.0310044288635254,0.0604497529566288,-4.308903694152832,-2.9741787910461426,-0.34520119428634644,-0.8627979755401611,-7.059285640716553,-7.99377965927124,-2.4715943336486816,-1.5737051963806152,-6.572962760925293,-9.797680854797363,-7.161263465881348,-6.251236915588379,-5.292633533477783,-3.752330780029297,-0.7595035433769226,1539.4367885705483,2111.5612198194603,0.04150088517498066,0.23734837770462036,1077.231527758896,0.03979180008172989
genres/jazz/jazz.00095.wav,-219.77029418945312,100.83650207519531,-1.4205061197280884,41.265625,-0.940095841884613,23.37167739868164,-11.502771377563477,20.008197784423828,-15.970746994018555,13.943514823913574,-7.9791741371154785,5.733325004577637,-6.874853610992432,6.199599266052246,-5.807948589324951,0.9582487344741821,-5.153530120849609,3.057607650756836,2.093325138092041,0.9519323110580444,0.5030165314674377,-0.28219154477119446,-0.12850435078144073,4.8442463874816895,0.41605547070503235,-2.538745403289795,-2.0180912017822266,-4.283565521240234,-0.027097225189208984,-10.779280662536621,-3.8001883029937744,-9.160050392150879,-0.8412944078445435,-1.3181790113449097,-4.658901691436768,-6.638453006744385,-2.8301174640655518,-1.3973106145858765,-3.8697001934051514,-5.891163349151611,2215.5924980468512,4282.076452834976,0.06336251691802011,0.3112347424030304,1854.556905314615,0.06818181276321411
genres/jazz/jazz.00096.wav,-277.26141357421875,95.77638244628906,-2.9373209476470947,43.9078254699707,1.9365460872650146,22.260120391845703,-6.12611198425293,22.453048706054688,-12.844949722290039,10.758666038513184,-7.537839889526367,3.587660551071167,-5.07186222076416,6.758045196533203,3.6414694786071777,6.717037677764893,1.778867483139038,-2.124143123626709,-5.3697991371154785,-5.330000877380371,3.2598562240600586,5.116813659667969,-0.022877657786011696,-6.909583568572998,-8.01839828491211,-6.54349946975708,2.199258804321289,-5.491142749786377,-0.09072817116975784,9.277448654174805,7.486783027648926,-3.990919351577759,-8.837885856628418,-2.2150683403015137,-1.351993203163147,-5.542858600616455,-2.9320454597473145,-2.295656442642212,-6.397066593170166,-9.923805236816406,2083.7065203560187,4008.6314190291473,0.07771677723801237,0.2987700402736664,1873.8333017207992,0.044419899582862854
genres/jazz/jazz.00097.wav,-413.61993408203125,118.26568603515625,31.123323440551758,40.14469909667969,13.122529029846191,13.936635971069336,-3.704585313796997,4.748744964599609,-9.875986099243164,-3.0734264850616455,-6.2766432762146,-3.622529983520508,-5.281047821044922,1.1193459033966064,2.8289525508880615,6.598023891448975,7.966309070587158,5.0736985206604,1.6167891025543213,-4.366200923919678,0.7641156911849976,2.988828659057617,3.497391939163208,1.0777243375778198,-0.6812353134155273,-3.8789830207824707,-1.6584498882293701,-1.7010021209716797,-0.7272256016731262,-1.7171756029129028,0.4357016980648041,1.9621808528900146,1.6156874895095825,1.8381967544555664,-0.8067062497138977,-2.4412496089935303,-2.963493824005127,-2.4383440017700195,-1.6022584438323975,-2.755953550338745,1753.6408446520547,2343.555253951566,0.039907645736658934,0.2240491360425949,1176.1814458173892,0.02118668705224991
genres/jazz/jazz.00098.wav,-222.98240661621094,102.86214447021484,-1.651836633682251,45.21669387817383,-6.746564865112305,25.353368759155273,-14.375471115112305,24.238426208496094,-10.418004989624023,11.157499313354492,-9.138480186462402,6.635826110839844,-7.827935218811035,9.36856460571289,-3.431466817855835,2.6778359413146973,-6.207160949707031,0.8734012842178345,-3.393118143081665,-0.37729015946388245,-0.5018987059593201,2.104307174682617,-1.084275484085083,2.1832826137542725,2.567828893661499,-1.394709825515747,1.8341690301895142,-4.83617639541626,-1.7360124588012695,-5.9522929191589355,-0.8451723456382751,-1.1681362390518188,-5.501556396484375,-5.03108024597168,-4.640584945678711,-4.845184326171875,-2.2413108348846436,-3.964601993560791,0.8954688906669617,-2.274658679962158,2230.7892083865468,4357.067956061485,0.058131147887664346,0.3275933563709259,1885.6010988665782,0.06016151234507561
genres/jazz/jazz.00099.wav,-315.0259094238281,112.73625946044922,9.76694393157959,38.97482681274414,3.932959794998169,20.02737045288086,-7.2119855880737305,15.291823387145996,-13.685927391052246,10.15584945678711,-4.8804755210876465,4.704837322235107,-2.706321954727173,3.83123517036438,0.848350465297699,3.3610312938690186,-2.101264476776123,-1.2391705513000488,1.7908189296722412,-2.2295615673065186,-2.326305389404297,1.3744120597839355,-2.4831364154815674,1.40479576587677,0.7795961499214172,-9.650431632995605,-0.7926717400550842,-4.012368679046631,-0.35705745220184326,-5.635751724243164,-7.489886283874512,-5.630284309387207,-1.1707520484924316,-0.486531138420105,-3.2079689502716064,-3.8703577518463135,-2.7128024101257324,-3.0149378776550293,-0.7380996346473694,-5.493006706237793,2014.1875459668931,3375.924958762326,0.046179019842420725,0.2959117889404297,1492.234676256941,0.03926887735724449
