file,mfcc_1,mfcc_2,mfcc_3,mfcc_4,mfcc_5,mfcc_6,mfcc_7,mfcc_8,mfcc_9,mfcc_10,mfcc_11,mfcc_12,mfcc_13,mfcc_14,mfcc_15,mfcc_16,mfcc_17,mfcc_18,mfcc_19,mfcc_20,bandwidth,rolloff,zero_cross,chroma,centroid,rms,tempo
genres/reggae/reggae.00000.wav,-159.45460510253906,104.85885620117188,-10.334900856018066,34.65660095214844,-4.978358745574951,26.8134822845459,-21.936439514160156,23.436378479003906,-14.019638061523438,19.581069946289062,-8.303447723388672,9.723005294799805,-10.084416389465332,1.4182438850402832,-6.4942522048950195,1.074486255645752,-9.199857711791992,3.2866663932800293,-0.7597914338111877,3.7616636753082275,2289.5401043861743,4801.329745051479,0.09779937342904099,0.3291369378566742,2133.200382018122,0.09415439516305923,123.046875
genres/reggae/reggae.00001.wav,-190.90338134765625,127.4112548828125,-3.7817161083221436,26.69951820373535,-12.817380905151367,23.91777992248535,-8.218689918518066,9.954493522644043,-12.225648880004883,13.444774627685547,-7.063593864440918,1.6362919807434082,-14.525697708129883,-3.2334351539611816,-10.447203636169434,-3.5031139850616455,-9.744484901428223,-3.9167373180389404,-7.651850700378418,-3.549433946609497,1995.2014907506123,3574.7865044047276,0.06396975299690642,0.3489600718021393,1638.9074393526143,0.08202048391103745,151.99908088235293
genres/reggae/reggae.00002.wav,-189.0654296875,110.85826110839844,3.0048868656158447,48.37060546875,-6.414666652679443,20.720901489257812,-12.555557250976562,15.879528999328613,-13.624746322631836,9.412741661071777,-8.037605285644531,8.087932586669922,-10.635764122009277,-2.5562522411346436,-4.711721897125244,-1.0378504991531372,-3.206988573074341,2.6967508792877197,-3.9825124740600586,2.8650259971618652,2103.0899784160592,3924.821794337297,0.07510279207753287,0.37853556871414185,1796.8382986852312,0.09248083829879761,103.359375
genres/reggae/reggae.00003.wav,-201.1873016357422,104.14093780517578,-15.433324813842773,30.819801330566406,14.269035339355469,31.42963218688965,-7.858109951019287,17.971574783325195,-4.051702499389648,16.944326400756836,-11.206172943115234,12.127294540405273,-5.2819061279296875,-0.6867550015449524,-1.3835203647613525,3.9358315467834473,-5.853743553161621,1.0404187440872192,-2.9764552116394043,-1.359459638595581,2107.9115780343186,4153.301902824101,0.08490731341840681,0.3914099335670471,1923.3414634250469,0.09422627836465836,151.99908088235293
genres/reggae/reggae.00004.wav,-175.55120849609375,104.88621520996094,-15.680850982666016,27.523685455322266,-8.108691215515137,24.019664764404297,-10.31991958618164,18.858121871948242,-8.376986503601074,11.853946685791016,-7.580989837646484,12.563684463500977,-6.0327277183532715,2.4977784156799316,1.900041937828064,7.134634971618652,-3.370105028152466,12.44162654876709,-3.351832866668701,0.7417230010032654,2141.3776015193303,4304.667164388776,0.08445301926237432,0.4019632637500763,2009.5859918297979,0.10110662132501602,123.046875
genres/reggae/reggae.00005.wav,-176.73992919921875,116.83321380615234,-21.306896209716797,38.74892044067383,-5.442436218261719,26.611661911010742,-8.168010711669922,15.770069122314453,-10.479752540588379,11.0341215133667,-10.042136192321777,9.911088943481445,-3.231557846069336,2.8218226432800293,-2.523676633834839,-1.4186886548995972,-9.884723663330078,3.067542791366577,-0.27837395668029785,1.9887566566467285,1964.1878613375375,3796.272068953016,0.0730159845079273,0.3647911548614502,1798.3642551407142,0.10035885870456696,151.99908088235293
genres/reggae/reggae.00006.wav,-207.3699188232422,134.70654296875,-9.091635704040527,38.45231628417969,6.3151140213012695,22.596765518188477,-8.29947566986084,16.291505813598633,-8.469053268432617,4.136566162109375,-4.349609375,6.34520149230957,-6.907837390899658,0.9548088908195496,-0.9502447843551636,-2.5394768714904785,-6.09345817565918,2.484671115875244,-6.171945571899414,-4.575994968414307,1704.3507035084012,2880.253271824246,0.06082141519238206,0.3424016535282135,1417.837118086483,0.10510431230068207,151.99908088235293
genres/reggae/reggae.00007.wav,-192.2323760986328,116.5039291381836,-10.94451904296875,29.895706176757812,-0.66060471534729,21.44661521911621,-11.871785163879395,18.647598266601562,-13.083756446838379,14.465286254882812,-7.3842082023620605,4.825854778289795,-2.8082735538482666,3.1240525245666504,-1.616716980934143,-2.387406349182129,-6.52519416809082,-1.4149898290634155,-5.541775226593018,-2.5496015548706055,2026.2248244787295,3768.876771860499,0.07387510271655066,0.3860585689544678,1754.0530460134705,0.09061544388532639,151.99908088235293
genres/reggae/reggae.00008.wav,-194.51596069335938,118.60054016113281,-6.409203052520752,40.80430603027344,-3.2866313457489014,25.466773986816406,-9.305660247802734,11.397344589233398,-6.154967308044434,15.340880393981934,-5.159608840942383,5.765297889709473,-6.277685165405273,5.883498191833496,-2.7901456356048584,2.583533763885498,-4.748841285705566,4.531832695007324,-3.186210870742798,-0.319187730550766,1963.132861236949,3655.8066383591936,0.06943789878190255,0.3688347339630127,1691.2049385701016,0.1020125225186348,95.703125
genres/reggae/reggae.00009.wav,-232.5360107421875,131.2326202392578,2.6794192790985107,18.380754470825195,11.350811958312988,22.914648056030273,-10.442412376403809,16.76569366455078,-15.254583358764648,15.52048110961914,-8.388179779052734,8.027798652648926,-3.7743074893951416,3.1240789890289307,-1.4016611576080322,3.266288995742798,-4.089113235473633,2.9486842155456543,0.3949030935764313,0.013068793341517448,1990.7789822931675,3269.7078129531615,0.06057066596577726,0.3831111788749695,1609.7020521934812,0.08670243620872498,161.4990234375
genres/reggae/reggae.00010.wav,-233.639404296875,87.54105377197266,-22.23576545715332,52.07014846801758,-8.567041397094727,24.97664451599121,-18.23731231689453,1.8819973468780518,-9.134016036987305,-0.2320677489042282,-17.06080436706543,-3.0266270637512207,-9.788325309753418,-8.793386459350586,-7.721216678619385,-2.190891742706299,-13.639558792114258,-6.491187572479248,-9.144041061401367,-12.712145805358887,2036.5555261697084,4426.1807116444315,0.10275318119199536,0.2947898209095001,2149.049179184705,0.06165899708867073,117.45383522727273
genres/reggae/reggae.00011.wav,-198.7344207763672,102.4014892578125,-9.989947319030762,30.810213088989258,-3.2878284454345703,20.277969360351562,-5.6380743980407715,28.101499557495117,-11.50224494934082,18.215190887451172,-7.350882053375244,12.282851219177246,-4.367700576782227,11.403196334838867,-3.4651265144348145,2.0134546756744385,-6.986454963684082,1.1060057878494263,-1.5008171796798706,1.9437108039855957,2295.668201709778,4557.786386582801,0.07027624709976799,0.4185313582420349,1995.1642436283166,0.07840807735919952,123.046875
genres/reggae/reggae.00012.wav,-191.16934204101562,96.33598327636719,-17.652023315429688,24.829919815063477,-0.8712046146392822,26.33356285095215,-12.921887397766113,19.629573822021484,-9.789676666259766,16.964962005615234,-8.585589408874512,11.415912628173828,-8.200767517089844,5.952974796295166,-1.849603295326233,5.964336395263672,-8.073904991149902,3.390880584716797,-2.651766538619995,-0.8045403361320496,2303.82549485506,4920.811543829756,0.11374762845610982,0.4271959960460663,2300.043392477283,0.0755806416273117,129.19921875
genres/reggae/reggae.00013.wav,-206.4773712158203,122.58879852294922,-0.5635732412338257,29.336166381835938,10.24735164642334,28.214599609375,-9.909892082214355,13.360518455505371,-8.442377090454102,11.280409812927246,-7.282619953155518,7.069557189941406,-10.3455228805542,1.9414175748825073,-6.537752628326416,-0.2025405615568161,-7.561280250549316,0.41265860199928284,-1.6556695699691772,-0.17322787642478943,1975.6411497792776,3436.6775689711426,0.07061687330819799,0.3621101975440979,1608.5610274669812,0.11166458576917648,123.046875
genres/reggae/reggae.00014.wav,-209.56101989746094,105.2450942993164,2.5816619396209717,34.8834342956543,15.329063415527344,25.211456298828125,-6.035754203796387,18.255020141601562,-5.0709147453308105,8.931057929992676,-1.0310959815979004,8.231605529785156,-4.037405967712402,4.739712715148926,-1.0543959140777588,3.066329002380371,-4.590122222900391,4.261040687561035,-2.1278765201568604,-3.665569305419922,2062.8858274041413,3790.9012584287993,0.06409059599767981,0.3951367735862732,1716.2495937002152,0.11424611508846283,129.19921875
genres/reggae/reggae.00015.wav,-157.78785705566406,109.85054016113281,8.465250015258789,41.799888610839844,5.120900630950928,25.75525665283203,-12.953895568847656,22.061246871948242,-15.509737014770508,14.366767883300781,-11.919334411621094,11.59664535522461,-10.623368263244629,4.129814624786377,-4.043910980224609,3.4640536308288574,-8.401410102844238,1.7827246189117432,-5.23690938949585,-1.4571067094802856,2314.06795142123,4491.971058856583,0.06818641845514307,0.3585122227668762,1923.0591281932705,0.1318986862897873,129.19921875
genres/reggae/reggae.00016.wav,-76.06504821777344,101.08291625976562,-11.607359886169434,46.23532485961914,-11.189788818359375,31.384803771972656,-9.450621604919434,22.461994171142578,-16.79247283935547,15.963854789733887,-9.504417419433594,11.795687675476074,-7.843973636627197,9.71424674987793,-7.236621379852295,6.172438621520996,-8.602954864501953,8.078385353088379,-5.590115547180176,3.7275421619415283,2303.4496911517326,4853.314194823086,0.07924770700406032,0.41932570934295654,2118.7683459350137,0.18564298748970032,143.5546875
genres/reggae/reggae.00017.wav,-154.82901000976562,110.01798248291016,-18.4261531829834,36.61725997924805,0.558371901512146,31.5721435546875,-10.411385536193848,18.814071655273438,-7.158778667449951,13.1475248336792,-5.246445655822754,8.898726463317871,-6.704806327819824,6.030564308166504,-2.7972185611724854,3.6339144706726074,-2.2192025184631348,5.30426025390625,-6.59718656539917,-2.923168420791626,1973.4189030732916,3777.9696789805685,0.07795204345514307,0.42578843235969543,1803.774377984509,0.13979867100715637,129.19921875
genres/reggae/reggae.00018.wav,-170.84278869628906,107.72286224365234,-1.7588589191436768,46.44407272338867,-0.18357321619987488,24.942399978637695,-10.660903930664062,18.090782165527344,-10.776379585266113,11.157841682434082,-7.251316547393799,6.2062296867370605,-6.465582370758057,2.048056125640869,-2.431339740753174,2.559466600418091,-4.040069103240967,0.7915894985198975,-3.7559382915496826,-1.6786792278289795,2124.6711769153053,4220.574427204177,0.07740447360788863,0.39466431736946106,1907.5162410522341,0.10643099993467331,151.99908088235293
genres/reggae/reggae.00019.wav,-184.57798767089844,106.20770263671875,4.015714645385742,38.713035583496094,8.409506797790527,30.45572853088379,-3.3420121669769287,20.30758285522461,-1.5344260931015015,15.91746711730957,-6.514726161956787,13.190655708312988,-1.717490553855896,6.854092597961426,-3.2296621799468994,1.8751122951507568,-6.035769939422607,3.5220067501068115,-7.40160608291626,-1.741927146911621,2068.262005451984,3840.287734737529,0.0712822650812065,0.3941124677658081,1753.9362397781463,0.13868877291679382,143.5546875
genres/reggae/reggae.00020.wav,-177.72802734375,113.60726928710938,2.3423805236816406,35.80998229980469,1.6219170093536377,34.692962646484375,-8.722160339355469,16.268508911132812,-9.320133209228516,14.183673858642578,-2.0610718727111816,13.126955032348633,-7.249082565307617,3.5826690196990967,-0.5776289701461792,4.82543420791626,-3.580989360809326,3.780438184738159,-4.299152374267578,-1.1199581623077393,2046.4237097179837,3594.9291255800463,0.056755803485112145,0.37074193358421326,1637.7409720190487,0.13931038975715637,129.19921875
genres/reggae/reggae.00021.wav,-88.04364776611328,109.44107818603516,-25.164241790771484,40.397403717041016,-8.785124778747559,24.709360122680664,-11.531089782714844,18.515857696533203,-8.289594650268555,17.03079605102539,-8.434975624084473,9.8020658493042,-12.901081085205078,1.5762507915496826,-10.538810729980469,-0.4200007915496826,-7.808694362640381,3.4471516609191895,-4.989579200744629,0.060593489557504654,2120.3410466750865,4323.510798832656,0.09282441814095127,0.39008069038391113,2006.89309626045,0.15517841279506683,151.99908088235293
genres/reggae/reggae.00022.wav,-91.42102813720703,98.79695129394531,-23.19011116027832,46.87542724609375,-6.847119331359863,29.29524040222168,-9.956195831298828,25.66627311706543,-10.204957962036133,19.627111434936523,-8.20093059539795,13.416365623474121,-6.498540878295898,14.026415824890137,0.41321027278900146,12.580995559692383,0.3539929986000061,10.113240242004395,-0.4279782176017761,1.3009412288665771,2227.1872891815538,4552.781956931554,0.07230036736272236,0.45553189516067505,2058.8216214497184,0.18223723769187927,151.99908088235293
genres/reggae/reggae.00023.wav,-161.74874877929688,78.68983459472656,-19.243244171142578,55.11702346801758,13.19230842590332,30.964311599731445,-7.014378070831299,24.292631149291992,-12.833890914916992,21.516277313232422,-13.52692985534668,12.77864933013916,-7.451720237731934,12.767481803894043,-3.338566541671753,9.143026351928711,-7.756232261657715,0.6317638158798218,-4.122076511383057,0.4966191351413727,2336.4614297124785,5050.143991988109,0.12024747136020882,0.42863479256629944,2354.780333512886,0.10787325352430344,129.19921875
genres/reggae/reggae.00024.wav,-169.1750946044922,110.45037078857422,-8.545039176940918,43.88859939575195,0.3169723153114319,26.636770248413086,-14.361242294311523,13.035165786743164,-11.153995513916016,8.11196517944336,-7.6773176193237305,10.930495262145996,-8.16728687286377,2.8069231510162354,-6.424584865570068,1.0975531339645386,-4.2489094734191895,4.349436283111572,-3.452687978744507,1.2326278686523438,2019.5616979633674,3854.0103637978536,0.07214969124613302,0.34869852662086487,1811.2349334731803,0.12373929470777512,135.99917763157896
genres/reggae/reggae.00025.wav,-177.26882934570312,110.9980697631836,-15.674948692321777,36.77692413330078,0.05957673117518425,24.46026611328125,-3.7647125720977783,18.416017532348633,-3.3584468364715576,13.794753074645996,-2.09302020072937,8.598161697387695,-5.945302486419678,2.896531820297241,-5.270198822021484,-3.0590109825134277,-6.188053607940674,2.057389497756958,-0.9913016557693481,2.3045692443847656,1899.1874349249817,3582.7219810397332,0.07374708466260634,0.362441748380661,1708.9236968204445,0.12684088945388794,123.046875
genres/reggae/reggae.00026.wav,-171.5933837890625,99.35218811035156,-8.279229164123535,49.614044189453125,1.0838336944580078,31.124662399291992,-7.142505645751953,15.892827033996582,-1.3666608333587646,12.748078346252441,-5.191973686218262,11.809107780456543,-5.328455924987793,3.173269510269165,-6.686716079711914,0.03352333605289459,-7.7254204750061035,6.700891017913818,-3.7667129039764404,-1.7855015993118286,2054.4849873734943,4007.299124945621,0.07454389319895592,0.40287256240844727,1840.8734880060724,0.1343516856431961,135.99917763157896
genres/reggae/reggae.00027.wav,-177.4975128173828,89.9616470336914,4.610694408416748,40.15260696411133,0.17507828772068024,23.182161331176758,-9.900015830993652,12.783164978027344,-7.306882858276367,18.73992156982422,-5.734013080596924,6.129672050476074,-9.920187950134277,0.28710201382637024,-8.231042861938477,3.8992085456848145,-6.851942539215088,2.1851232051849365,-2.374739646911621,1.8317383527755737,2318.2738495753256,4678.4422695221865,0.08734909730278423,0.4037153124809265,2086.3258104477313,0.12790773808956146,135.99917763157896
genres/reggae/reggae.00028.wav,-256.2096252441406,104.23046112060547,-7.273623466491699,56.284034729003906,11.040127754211426,27.327316284179688,5.82951021194458,17.790504455566406,-1.2712583541870117,14.677931785583496,-3.4765548706054688,10.853967666625977,-2.46657395362854,1.5522971153259277,-3.725412607192993,-1.371030330657959,-4.196731090545654,1.403948187828064,-0.2620442509651184,-1.598751187324524,1907.1946099829022,3497.280296095563,0.06780765117459396,0.48768922686576843,1640.7028905736306,0.07286563515663147,151.99908088235293
genres/reggae/reggae.00029.wav,-202.05728149414062,111.10881042480469,8.918227195739746,51.8306999206543,1.296541690826416,30.051830291748047,-4.5184102058410645,22.45174217224121,-7.145071983337402,11.499218940734863,-4.750568866729736,10.59732437133789,-2.6381235122680664,9.01169204711914,-4.353193283081055,-0.04279737547039986,-4.31411075592041,0.6503414511680603,-3.7420601844787598,-6.193079948425293,2126.793157125908,3734.3037403929816,0.04365755510440835,0.4288546144962311,1585.0377722052328,0.10387440025806427,151.99908088235293
genres/reggae/reggae.00030.wav,-239.27223205566406,98.959716796875,19.219697952270508,50.78443908691406,2.832820415496826,32.241905212402344,-1.5012381076812744,16.72732162475586,-7.452263832092285,16.716821670532227,1.5029031038284302,16.053071975708008,2.8125314712524414,5.943269729614258,-6.300945281982422,-1.046080231666565,-6.3341240882873535,2.149257183074951,-6.635875701904297,-5.265617370605469,2188.0474072226716,4068.8344579285094,0.07047110643851508,0.4876909554004669,1814.0413745458807,0.08047183603048325,151.99908088235293
genres/reggae/reggae.00031.wav,-226.40240478515625,103.32617950439453,0.12367922067642212,43.960121154785156,10.618687629699707,35.18539810180664,8.425846099853516,21.138465881347656,-3.3031225204467773,15.532061576843262,-3.0154244899749756,11.09907054901123,1.7818537950515747,10.622603416442871,-5.759026050567627,-0.9864836931228638,-4.13186502456665,0.6559692025184631,-3.7835211753845215,-0.5743243098258972,2022.4228289137698,3541.987089435905,0.05865832547853828,0.49004215002059937,1579.806446899882,0.09204327315092087,161.4990234375
genres/reggae/reggae.00032.wav,-243.79490661621094,123.33629608154297,-15.565518379211426,38.895225524902344,6.50129508972168,25.519702911376953,3.0391788482666016,17.1863956451416,-0.22244755923748016,8.982391357421875,-2.4928038120269775,6.767813682556152,-3.44831919670105,3.257775068283081,-3.424485921859741,-0.4886036217212677,-2.5349972248077393,-1.8608895540237427,-4.978130340576172,-2.7181684970855713,1850.434782523041,3318.9194256634282,0.06583149047757154,0.4869205057621002,1510.6867183783154,0.063911072909832,151.99908088235293
genres/reggae/reggae.00033.wav,-249.33311462402344,111.49542999267578,11.242323875427246,41.337039947509766,-2.885861873626709,34.546382904052734,0.42688894271850586,22.322776794433594,-9.972149848937988,10.224924087524414,-2.7973475456237793,8.75715160369873,-1.442359447479248,2.248180389404297,-3.9063050746917725,-1.85635244846344,-0.8397772908210754,-0.9470700025558472,-3.1840624809265137,-4.320645332336426,2062.943142105871,3560.7724360136312,0.059114130172080434,0.44658470153808594,1615.9375128451743,0.07423320412635803,117.45383522727273
genres/reggae/reggae.00034.wav,-238.91920471191406,132.33087158203125,-0.07544247061014175,41.21905517578125,2.4168174266815186,19.080686569213867,7.968864917755127,19.941566467285156,-0.6208752989768982,11.09123420715332,-1.7129136323928833,9.932830810546875,3.021451473236084,2.2054896354675293,-7.850804328918457,-3.9787349700927734,-4.911180019378662,-2.1462275981903076,-2.4135806560516357,0.05033262073993683,1746.6323499074072,2826.819952236804,0.04460126341357309,0.47063979506492615,1291.325652903165,0.08248114585876465,184.5703125
genres/reggae/reggae.00035.wav,-223.3865966796875,114.25413513183594,-4.425038814544678,40.22114944458008,-5.081798553466797,24.668842315673828,0.7130126953125,17.048095703125,-2.3570258617401123,11.149014472961426,-3.081618070602417,6.1222076416015625,-5.682186603546143,3.507462739944458,-5.48382043838501,0.023318592458963394,-4.839540481567383,-0.7067164182662964,-3.6349847316741943,-2.7988319396972656,2030.118820857348,3785.5471015806265,0.06128250676720804,0.458384245634079,1699.0408899821077,0.07324818521738052,107.666015625
genres/reggae/reggae.00036.wav,-236.6470947265625,91.68791198730469,1.882286787033081,45.47764205932617,1.2787271738052368,32.26773452758789,9.049938201904297,19.61343765258789,-5.055936336517334,10.965200424194336,-4.000938892364502,7.524835586547852,-0.33692750334739685,5.805341720581055,-1.8212871551513672,5.381377696990967,0.28634196519851685,5.014829635620117,-0.33473873138427734,-0.8558253049850464,2166.2806636523615,4118.229261075261,0.0592051400570379,0.4346485435962677,1810.9528623516128,0.07998436689376831,86.1328125
genres/reggae/reggae.00037.wav,-241.79405212402344,97.4948501586914,-3.0859551429748535,45.345611572265625,3.8976528644561768,28.638872146606445,9.373339653015137,26.53799819946289,5.108644008636475,12.787714958190918,-0.3309956192970276,11.781582832336426,3.253504514694214,9.94775676727295,-3.046703577041626,1.8487595319747925,-3.3781540393829346,0.7843703031539917,-6.179019927978516,-2.971719264984131,2068.2637898418047,3838.08944949971,0.06325753456109823,0.517600953578949,1709.758011672797,0.08649235218763351,151.99908088235293
genres/reggae/reggae.00038.wav,-239.9910125732422,108.75337982177734,-8.224170684814453,32.19755935668945,-8.807085037231445,18.650554656982422,-4.663145065307617,15.531353950500488,-3.712575674057007,14.520120620727539,-4.797307968139648,6.403839111328125,-2.942525863647461,2.4288065433502197,-7.108642578125,-0.17373329401016235,-3.1448121070861816,-1.5504200458526611,-3.728477954864502,-0.8085557222366333,2000.3556227318645,3693.568848789153,0.06552258555684455,0.3737063705921173,1700.9060670627375,0.07582053542137146,95.703125
genres/reggae/reggae.00039.wav,-300.4975280761719,99.23313903808594,53.055599212646484,43.241729736328125,18.891565322875977,24.828367233276367,-7.962604999542236,22.160188674926758,1.7834964990615845,24.796716690063477,8.401264190673828,20.714305877685547,2.80901837348938,9.555988311767578,1.1145604848861694,5.902193069458008,1.1235289573669434,4.1931471824646,-2.2012648582458496,-2.0117270946502686,2137.424420066961,2646.835348390371,0.025934796137857694,0.5073733925819397,1312.255386741549,0.10382185131311417,151.99908088235293
genres/reggae/reggae.00040.wav,-296.11846923828125,93.1721420288086,-31.413137435913086,29.50409698486328,-18.939682006835938,1.9510141611099243,-19.4886474609375,-6.231461048126221,-24.005218505859375,-7.084201335906982,-14.191969871520996,3.276822328567505,-10.590967178344727,-2.799514055252075,-10.801138877868652,-6.7058000564575195,-8.503495216369629,-3.12191104888916,-7.049900531768799,-4.7547149658203125,1850.4901206624652,3838.9554406540024,0.1010474067092034,0.3025429844856262,2032.3811628096892,0.039069078862667084,92.28515625
genres/reggae/reggae.00041.wav,-177.37171936035156,89.6628189086914,9.64188003540039,65.4775390625,-0.9968255758285522,15.536905288696289,8.025097846984863,16.35252571105957,0.2706470787525177,2.6366820335388184,2.8867602348327637,0.6451202630996704,2.5874528884887695,2.8197059631347656,-0.45089998841285706,2.5312626361846924,-1.4067285060882568,-1.6511708498001099,1.2121679782867432,-1.8889774084091187,2204.904558825183,4120.144433820331,0.05900574910576179,0.3736555576324463,1930.2323260222888,0.11999257653951645,143.5546875
genres/reggae/reggae.00042.wav,-174.84597778320312,79.33829498291016,-24.309268951416016,17.974193572998047,24.497459411621094,15.721484184265137,7.467414855957031,4.228150367736816,3.925045967102051,4.810357570648193,2.769103765487671,1.7302075624465942,-2.336700916290283,-1.5881024599075317,-4.4498982429504395,-0.36575597524642944,-2.433232307434082,1.493348479270935,-0.3302519619464874,-3.6631064414978027,2521.3283714275317,5046.729988399072,0.105634531491686,0.43346694111824036,2479.6656668145397,0.0713108628988266,123.046875
genres/reggae/reggae.00043.wav,-164.59457397460938,142.7074432373047,-41.48922348022461,41.226192474365234,16.171186447143555,-5.588591575622559,7.6330695152282715,5.620199680328369,0.8107261657714844,-10.478096008300781,-2.344435930252075,-0.4963473379611969,-3.0657644271850586,-0.593957245349884,1.1482641696929932,0.7353192567825317,1.0475484132766724,1.9838734865188599,3.4971964359283447,5.303597450256348,1644.1125948260933,2775.1352686339906,0.0760128909271075,0.33473411202430725,1484.7159758182552,0.11070738732814789,151.99908088235293
genres/reggae/reggae.00044.wav,-104.12181854248047,83.90624237060547,18.854331970214844,28.91478157043457,10.624933242797852,9.325368881225586,9.320548057556152,6.524583339691162,3.000000238418579,2.4834115505218506,2.79581880569458,-0.19758029282093048,3.110140800476074,-2.2061285972595215,-1.7458666563034058,-1.5264512300491333,-0.2652156352996826,-0.9314674139022827,-0.9491859674453735,-3.528240203857422,2821.1684891562077,5584.343958454177,0.08757227921983758,0.4492127001285553,2455.349179082755,0.15251077711582184,172.265625
genres/reggae/reggae.00045.wav,-120.30243682861328,16.41148567199707,25.02509880065918,37.23810577392578,9.279241561889648,13.021598815917969,3.2258026599884033,5.9734320640563965,4.084741115570068,1.7192081212997437,1.9048556089401245,2.6762866973876953,2.0168797969818115,-1.7191476821899414,2.105343818664551,3.2442867755889893,-2.0613603591918945,2.7803471088409424,1.616559624671936,-4.044804096221924,3111.941275288799,7925.52606356946,0.2237736701227765,0.4576181471347809,4282.077747892482,0.09124011546373367,161.4990234375
genres/reggae/reggae.00046.wav,-169.01669311523438,79.51712036132812,15.224055290222168,42.74861145019531,7.674727439880371,17.031719207763672,-5.987884044647217,0.5360962748527527,0.054426178336143494,-0.956183671951294,0.830156683921814,-1.5881668329238892,-2.8959403038024902,-4.035257816314697,-5.765045642852783,-2.5763025283813477,-6.512717247009277,-6.587182998657227,-2.84859037399292,-1.2036869525909424,2592.6496470550837,5227.513968695621,0.08096405524941995,0.32428866624832153,2322.1698473337865,0.0934906080365181,172.265625
genres/reggae/reggae.00047.wav,-140.29031372070312,69.66448974609375,-9.971290588378906,52.164634704589844,3.239513397216797,4.563589096069336,-3.4906840324401855,2.923247814178467,-6.561513423919678,-2.6554346084594727,-1.7326635122299194,-6.9407830238342285,-5.833224296569824,-2.6942026615142822,2.541342258453369,-1.811039686203003,-2.1565630435943604,-2.9438698291778564,-1.792937994003296,-2.713003158569336,2309.8003447439555,4759.479057152697,0.1149432188950116,0.34257227182388306,2477.798652809734,0.10929930955171585,143.5546875
genres/reggae/reggae.00048.wav,-123.67019653320312,66.22944641113281,8.166251182556152,49.742610931396484,8.532979965209961,25.891525268554688,-5.3857011795043945,12.881202697753906,-2.56266188621521,6.796757221221924,-3.5737686157226562,7.641900062561035,-2.051100015640259,4.922264575958252,3.6714377403259277,4.135812282562256,-2.053504705429077,6.779320240020752,-2.838475227355957,-2.3759961128234863,2549.7905177645252,5607.942217408643,0.11116763038959783,0.3901774287223816,2672.8519127522504,0.12022173404693604,89.10290948275862
genres/reggae/reggae.00049.wav,-121.48994445800781,89.58580017089844,23.79033660888672,32.785526275634766,8.86947250366211,-2.601477861404419,6.639091968536377,1.7852180004119873,-2.9367926120758057,-3.0949647426605225,-0.6959443092346191,-5.426028728485107,-6.5423078536987305,-4.702366828918457,-3.2889223098754883,-6.456260681152344,-6.6425065994262695,-4.4068732261657715,-3.1613383293151855,-3.9853367805480957,2803.754909647607,5450.165290566995,0.08068951505703789,0.37071946263313293,2322.063171090073,0.13297951221466064,95.703125
genres/reggae/reggae.00050.wav,-104.93346405029297,66.42192077636719,-2.3092992305755615,24.60506248474121,8.40530776977539,6.764181137084961,1.6801282167434692,5.182534217834473,1.0469639301300049,2.192683458328247,2.952221155166626,4.577895164489746,4.197661399841309,3.092880964279175,-1.4190568923950195,0.23028664290905,1.0844630002975464,-2.33282470703125,-2.8986353874206543,-2.192573070526123,2690.155876819173,5869.1134919699825,0.12703658219740913,0.46001702547073364,2954.8185785470823,0.13103048503398895,95.703125
genres/reggae/reggae.00051.wav,-154.97036743164062,-1.461541771888733,22.346052169799805,30.443342208862305,2.093683958053589,28.623193740844727,17.002700805664062,13.43954849243164,8.497658729553223,6.505257606506348,9.790149688720703,10.916586875915527,2.1764442920684814,1.6321289539337158,6.342139720916748,6.904017448425293,-7.808253765106201,4.711611270904541,3.4327328205108643,0.6796776056289673,2876.274872717826,7673.056334741154,0.27463082463263727,0.569505512714386,4273.650127801437,0.11750303953886032,129.19921875
genres/reggae/reggae.00052.wav,-85.28402709960938,60.93997573852539,34.796627044677734,19.79168701171875,16.711822509765625,7.951791286468506,9.296488761901855,11.353252410888672,1.3722411394119263,-0.0837811604142189,6.410583019256592,3.627413749694824,5.660082817077637,7.200557231903076,-0.8509935736656189,3.2466633319854736,-2.696646213531494,0.3560161292552948,4.745884418487549,0.30303075909614563,3253.310614012965,7286.557821110064,0.1340670014017788,0.5022619962692261,3289.0235462779488,0.1899878978729248,99.38401442307692
genres/reggae/reggae.00053.wav,-251.37069702148438,105.89967346191406,2.134446382522583,32.51202392578125,16.53700828552246,8.280576705932617,10.363940238952637,5.490865707397461,0.8717731237411499,8.341185569763184,-0.6393007040023804,9.879010200500488,-1.8562008142471313,4.424777507781982,1.8413469791412354,4.242080211639404,-0.20010311901569366,2.253602981567383,0.9522292613983154,1.3119126558303833,2296.3471689661264,4157.357072940836,0.08975349538379737,0.4692222774028778,2003.6725751759905,0.06308438628911972,151.99908088235293
genres/reggae/reggae.00054.wav,-182.2023468017578,83.47661590576172,4.896835803985596,12.707845687866211,30.082263946533203,17.21510887145996,6.104062080383301,7.693119049072266,7.143253326416016,8.879247665405273,-2.1418488025665283,5.727443218231201,1.4597901105880737,-4.9416584968566895,2.9084572792053223,2.19742488861084,-3.2194931507110596,0.76534104347229,-1.6918916702270508,-0.6362419128417969,2726.3477241260794,5477.87700750435,0.10157722774071926,0.3963613510131836,2542.6153584019708,0.09691649675369263,151.99908088235293
genres/reggae/reggae.00055.wav,-130.3404998779297,84.3085708618164,29.348583221435547,23.83271026611328,8.271378517150879,13.860326766967773,2.2296013832092285,2.9293911457061768,2.579444169998169,0.0968007817864418,2.3335180282592773,2.743635654449463,3.750476121902466,3.7895359992980957,2.1364645957946777,3.1391987800598145,0.16445113718509674,2.3951570987701416,-4.119112014770508,-1.7622525691986084,2839.7132272835215,5594.935696418213,0.08219627622293117,0.4617610573768616,2525.332930011654,0.11294706910848618,129.19921875
genres/reggae/reggae.00056.wav,-162.47735595703125,98.5069351196289,-1.6438144445419312,20.825223922729492,12.042280197143555,11.752096176147461,6.091517925262451,4.969570159912109,1.686585545539856,3.040506362915039,-0.870156466960907,4.116955757141113,3.4194490909576416,-1.400149941444397,2.275635004043579,-3.706876039505005,-6.483100891113281,2.5902316570281982,1.405013084411621,2.2335386276245117,2460.293289652494,4658.666029219838,0.08315697807907967,0.370393306016922,2173.790200355098,0.10051548480987549,151.99908088235293
genres/reggae/reggae.00057.wav,-177.52011108398438,98.31111145019531,14.755117416381836,21.152812957763672,14.985963821411133,10.221000671386719,4.95693302154541,0.8410159349441528,4.855819225311279,6.870386600494385,3.5444672107696533,-0.351910263299942,0.5710389018058777,1.368681788444519,2.010129451751709,-0.3149220943450928,-1.3728128671646118,2.9065160751342773,-0.9783117771148682,-0.5205598473548889,2576.465395940233,4771.7111822070765,0.07884288295146945,0.37287911772727966,2169.07498565293,0.10337978601455688,95.703125
genres/reggae/reggae.00058.wav,-169.31365966796875,83.9498291015625,11.220505714416504,12.120054244995117,21.05946922302246,9.506829261779785,0.936227560043335,2.209420680999756,0.8779248595237732,1.6496502161026,-0.41174089908599854,0.7374362945556641,-4.779886722564697,-1.7327148914337158,-2.093052625656128,-1.4117079973220825,-4.6562604904174805,-0.19787952303886414,1.9688923358917236,-1.254988193511963,2827.5082466885183,5697.755492314385,0.11195424279775715,0.3717370629310608,2630.978528478159,0.09119109064340591,123.046875
genres/reggae/reggae.00059.wav,-93.48224639892578,80.19273376464844,-0.31765151023864746,15.255078315734863,4.350633144378662,9.057692527770996,1.681820034980774,2.5508370399475098,-4.298759937286377,0.9954447746276855,-1.704242467880249,-3.009267807006836,2.2648425102233887,-2.086393117904663,0.32872864603996277,-4.382724761962891,-4.059787750244141,-3.1760671138763428,-5.431156158447266,-2.143111228942871,2716.559623272717,5699.270976834397,0.11736196708236658,0.3758557140827179,2671.4597934479434,0.1264568567276001,151.99908088235293
genres/reggae/reggae.00060.wav,-301.4594421386719,77.23085021972656,-13.612371444702148,39.30976867675781,1.6104997396469116,16.89317512512207,-7.259073734283447,-3.613347053527832,1.1474179029464722,-3.2763237953186035,-8.434024810791016,-3.6002204418182373,-2.613867998123169,-7.234850883483887,-2.4432551860809326,0.762144148349762,-8.961127281188965,-2.653681993484497,-5.4933180809021,-8.40313720703125,2300.5325759195507,4791.603998241734,0.11850204526778808,0.29908159375190735,2395.488969417933,0.025826461613178253,112.34714673913044
genres/reggae/reggae.00061.wav,-74.05513763427734,57.99191665649414,9.140750885009766,29.25901222229004,12.536972999572754,-0.18156924843788147,0.16388878226280212,1.3718830347061157,-5.086095809936523,1.3585656881332397,2.8528213500976562,-1.5554001331329346,0.887406051158905,1.0362217426300049,-4.332759857177734,-3.7490358352661133,-3.6681318283081055,-1.0577666759490967,-4.107348442077637,-4.130000114440918,2918.3894321254215,6474.76605550319,0.13354284488592422,0.395485520362854,3123.746872091324,0.18103966116905212,92.28515625
genres/reggae/reggae.00062.wav,-265.7503967285156,80.62992095947266,9.762895584106445,36.671836853027344,27.847423553466797,12.097126960754395,15.03073787689209,15.123106002807617,6.558442115783691,6.276876926422119,7.464999198913574,5.644490718841553,4.353745460510254,3.092707633972168,2.405808448791504,2.185652494430542,2.4868087768554688,1.2768694162368774,-0.21976423263549805,0.8128407001495361,2595.001913177141,4783.210545515516,0.06084407325502707,0.444963276386261,2112.4228500706313,0.057329460978507996,151.99908088235293
genres/reggae/reggae.00063.wav,-168.5483856201172,109.53379821777344,-20.658588409423828,38.94857406616211,7.9597697257995605,0.343953937292099,6.05551815032959,4.086731910705566,-1.368621587753296,0.11313718557357788,0.24130180478096008,0.344363808631897,5.299927711486816,3.68203067779541,2.858445405960083,4.482371807098389,0.8131430149078369,3.00457501411438,1.518349051475525,2.4492194652557373,2115.3204537952392,3940.1681568119197,0.08333522150522042,0.41607943177223206,1910.704516454015,0.09760171175003052,92.28515625
genres/reggae/reggae.00064.wav,-70.05813598632812,54.370975494384766,15.569381713867188,19.790176391601562,27.015214920043945,13.236806869506836,0.6848604083061218,10.065896987915039,6.683064937591553,-0.30576178431510925,2.968273162841797,6.0125837326049805,1.0904868841171265,3.1692073345184326,0.2455379217863083,3.041888952255249,-5.601929664611816,-1.308972954750061,-1.9614109992980957,-8.71945858001709,3136.0023210518616,6974.84263975493,0.10086425403615623,0.41666585206985474,3094.390951891081,0.2678528130054474,172.265625
genres/reggae/reggae.00065.wav,-66.06306457519531,97.88207244873047,-18.832134246826172,26.938535690307617,14.00700569152832,6.008999824523926,9.442322731018066,10.566964149475098,-0.14506512880325317,8.12406063079834,10.530970573425293,7.996667861938477,3.808011054992676,4.01023530960083,2.7168691158294678,0.4248414635658264,-4.196868419647217,0.10585044324398041,0.14438892900943756,-3.155120611190796,2264.722433297249,4365.852770174739,0.08282126111755607,0.3758746087551117,2081.122071005716,0.2981976866722107,89.10290948275862
genres/reggae/reggae.00066.wav,-147.0555419921875,120.13325500488281,-21.609073638916016,39.65671920776367,6.932242393493652,15.089685440063477,-1.0239893198013306,15.946126937866211,2.5368235111236572,4.493649005889893,0.004241188056766987,4.329550266265869,4.640449523925781,4.003617763519287,3.0510051250457764,0.5403440594673157,-6.144568920135498,-1.6641569137573242,-0.7328550219535828,0.19195400178432465,1886.163412827994,3258.1668154546114,0.06708825768561485,0.38932496309280396,1628.979105536367,0.1291678249835968,161.4990234375
genres/reggae/reggae.00067.wav,-132.97755432128906,117.14356231689453,-2.8255317211151123,22.537389755249023,25.921838760375977,0.2784484326839447,13.53548526763916,3.4085538387298584,4.533074855804443,0.5459188222885132,-0.06656398624181747,5.103180885314941,-0.16124606132507324,1.271229863166809,3.06687331199646,1.3992588520050049,-0.5403357148170471,0.1414932757616043,-1.0437426567077637,-0.029012616723775864,2361.404748305164,3517.897547038138,0.06046832704949729,0.39607253670692444,1728.254304915462,0.14014482498168945,161.4990234375
genres/reggae/reggae.00068.wav,-194.73464965820312,83.06121826171875,-0.7627877593040466,32.32048034667969,2.7942261695861816,23.182392120361328,2.992729663848877,14.241740226745605,8.548837661743164,10.435962677001953,7.0649824142456055,8.808732986450195,1.4133789539337158,5.399618625640869,2.7473039627075195,5.250046730041504,1.64044189453125,0.5107567310333252,1.1352804899215698,-1.5689356327056885,2311.1787418406457,4379.8585117278135,0.07783120045436968,0.35850754380226135,2104.4628964667063,0.09535842388868332,135.99917763157896
genres/reggae/reggae.00069.wav,-142.8254852294922,83.64070892333984,21.939529418945312,33.86860275268555,4.642505645751953,4.174900054931641,1.9529144763946533,21.813640594482422,-5.951154708862305,0.5032349824905396,17.421560287475586,-11.4276704788208,10.545052528381348,2.185894727706909,1.411118745803833,1.7619208097457886,-1.3953845500946045,2.0169689655303955,-1.8988230228424072,0.6257143020629883,2682.8583690591654,5285.968371610354,0.08037456798627224,0.3626292049884796,2460.2803865234587,0.12580503523349762,143.5546875
genres/reggae/reggae.00070.wav,-136.73130798339844,75.61238098144531,-5.324861526489258,23.456497192382812,0.7731122374534607,12.286208152770996,4.47524356842041,5.175987243652344,-0.05239884555339813,9.043486595153809,4.887480735778809,2.333411931991577,5.496324062347412,0.6596880555152893,1.47603440284729,3.8427727222442627,-1.5894107818603516,-1.7106455564498901,-4.438337802886963,-9.698051452636719,2533.797443939415,5005.278988725348,0.060985686146558395,0.3807733952999115,2288.36768073501,0.14911046624183655,172.265625
genres/reggae/reggae.00071.wav,-141.79127502441406,44.11574935913086,21.728647232055664,43.323123931884766,21.756080627441406,11.1983060836792,3.553715467453003,15.018742561340332,-1.7399636507034302,6.437886714935303,6.936145782470703,0.7321502566337585,3.9722158908843994,1.4803599119186401,4.668117523193359,0.9020989537239075,2.2232367992401123,3.3828983306884766,-2.6658899784088135,0.5177631378173828,2852.7354961231076,6393.354560161688,0.12158920630317092,0.40876856446266174,3110.220722578714,0.1508352905511856,143.5546875
genres/reggae/reggae.00072.wav,-94.20941162109375,68.13329315185547,4.029281139373779,7.6293745040893555,12.797089576721191,-3.1930339336395264,-3.9125828742980957,3.821845054626465,-6.113925457000732,-0.34977439045906067,0.3320288360118866,-4.674929141998291,-3.0047824382781982,-2.957561492919922,-3.193965196609497,-4.922164440155029,-5.005427837371826,1.3837559223175049,-2.1030285358428955,-2.102471113204956,2973.703815214817,6574.771380147912,0.13615569714327147,0.4328457713127136,3089.637184600047,0.14292854070663452,112.34714673913044
genres/reggae/reggae.00073.wav,-105.9700927734375,88.03434753417969,19.35321807861328,30.648141860961914,10.009821891784668,18.023147583007812,3.654972791671753,8.918612480163574,5.820529937744141,8.878715515136719,5.682769775390625,10.556987762451172,5.887747764587402,6.113229751586914,7.048051834106445,5.10694694519043,4.466488838195801,2.1865901947021484,1.4028565883636475,-1.2546380758285522,2666.3259291298764,5070.652994036398,0.05103162159222738,0.4493522644042969,2152.0296960167325,0.19226059317588806,172.265625
genres/reggae/reggae.00074.wav,-105.89791107177734,88.18376922607422,19.293041229248047,30.603641510009766,9.99776840209961,17.92774772644043,3.6731982231140137,8.91761302947998,5.857600688934326,8.852503776550293,5.619667053222656,10.5152006149292,5.9249420166015625,6.105522155761719,7.059065818786621,5.0793914794921875,4.4748101234436035,2.166745901107788,1.4121613502502441,-1.2210687398910522,2665.102204451632,5063.283742386891,0.05099348052010828,0.45434635877609253,2148.1962621450057,0.19225192070007324,172.265625
genres/reggae/reggae.00075.wav,-63.77373504638672,88.24712371826172,-27.58910369873047,18.602060317993164,-3.5912957191467285,5.200758934020996,0.9875677824020386,8.043936729431152,-4.399215221405029,2.2729880809783936,4.151827812194824,-2.20469331741333,10.272971153259277,1.8788111209869385,6.288571357727051,4.696403980255127,-7.758048057556152,4.59616231918335,-1.586120843887329,0.6270033717155457,2323.998325560445,4847.177315200841,0.13501222024845322,0.3896530866622925,2481.3804943717314,0.17098131775856018,143.5546875
genres/reggae/reggae.00076.wav,-105.65564727783203,76.06100463867188,19.503725051879883,36.74836730957031,3.76912784576416,11.682267189025879,0.07917826622724533,7.104075908660889,7.6808295249938965,10.455650329589844,0.984548807144165,-2.179980516433716,-1.5101479291915894,2.6466474533081055,2.1300301551818848,1.4258404970169067,3.842714548110962,5.679157257080078,-0.14798273146152496,-1.5344436168670654,2559.822080543837,5054.224142618909,0.08823842626160093,0.44055452942848206,2456.13781170337,0.21088026463985443,161.4990234375
genres/reggae/reggae.00077.wav,-151.79495239257812,105.1318130493164,-6.177225589752197,47.95887756347656,11.343700408935547,15.089310646057129,11.640216827392578,6.621384620666504,6.830204963684082,2.4127132892608643,-1.0261002779006958,-0.21477077901363373,-0.6404041051864624,-4.028857231140137,-1.7200599908828735,-0.6594317555427551,-6.973977088928223,-2.4307661056518555,-1.181230902671814,-3.8112738132476807,2173.8009326544006,3821.1776414769433,0.06088825647718484,0.39540672302246094,1777.8395858370193,0.11657876521348953,143.5546875
genres/reggae/reggae.00078.wav,-175.49595642089844,78.047119140625,-2.5311896800994873,52.855918884277344,15.8506498336792,24.75226402282715,5.301399230957031,8.66751480102539,6.656061172485352,9.806562423706055,-3.3486931324005127,4.114943027496338,2.3601956367492676,-3.354933261871338,0.7874113917350769,-0.26205769181251526,-6.330743312835693,-6.462769985198975,-1.2587270736694336,-6.454802513122559,2334.6146811433377,4679.324914352524,0.09374924473124517,0.45274582505226135,2316.624697148015,0.09435921162366867,161.4990234375
genres/reggae/reggae.00079.wav,-155.58314514160156,57.03811264038086,-35.30974578857422,33.295894622802734,-14.187590599060059,25.26531982421875,2.526343584060669,4.252801418304443,8.49073600769043,4.574702262878418,2.832439661026001,2.5824127197265625,2.831862211227417,3.6121981143951416,-2.8637990951538086,-7.491716384887695,0.1989210844039917,-1.4493052959442139,-2.1708905696868896,-0.061944689601659775,2214.021296870083,5292.746417760296,0.1863670968677494,0.47624266147613525,3002.494626227327,0.08066028356552124,151.99908088235293
genres/reggae/reggae.00080.wav,-103.13667297363281,67.20503234863281,2.212646961212158,28.50449562072754,4.172196865081787,11.874951362609863,14.24476432800293,14.292826652526855,3.261751651763916,15.854269027709961,8.042966842651367,4.46909761428833,8.679430961608887,8.072271347045898,7.98220682144165,5.016624450683594,3.7284533977508545,-0.3341052830219269,-0.9390996694564819,-1.0834332704544067,2644.362515943844,5260.771359755656,0.09429756984725444,0.4769255816936493,2539.1210090930704,0.19571492075920105,99.38401442307692
genres/reggae/reggae.00081.wav,-115.7071762084961,67.07564544677734,1.8735255002975464,29.089332580566406,4.004096031188965,12.039477348327637,14.017004013061523,14.940317153930664,2.313584566116333,17.086957931518555,7.597496032714844,4.998960018157959,8.534348487854004,8.272092819213867,7.896335601806641,5.868602752685547,3.1140947341918945,0.045927610248327255,-1.5506885051727295,-1.2787601947784424,2629.515114580354,5313.538532301334,0.09938166147041763,0.4733887314796448,2566.692787467397,0.17954020202159882,99.38401442307692
genres/reggae/reggae.00082.wav,-115.7071762084961,67.07564544677734,1.8735255002975464,29.089332580566406,4.004096031188965,12.039477348327637,14.017004013061523,14.940317153930664,2.313584566116333,17.086957931518555,7.597496032714844,4.998960018157959,8.534348487854004,8.272092819213867,7.896335601806641,5.868602752685547,3.1140947341918945,0.045927610248327255,-1.5506885051727295,-1.2787601947784424,2629.515114580354,5313.538532301334,0.09938166147041763,0.4733887314796448,2566.692787467397,0.17954020202159882,99.38401442307692
genres/reggae/reggae.00083.wav,-285.81231689453125,138.70361328125,19.844240188598633,35.236961364746094,-8.027189254760742,7.08563756942749,5.403482913970947,-3.1911048889160156,-1.155678153038025,3.193619966506958,1.4858726263046265,-4.05458402633667,-6.334854602813721,-0.9266197681427002,-4.369904041290283,2.877664804458618,1.2375894784927368,1.965580940246582,0.7916603684425354,-4.267680644989014,1736.646890708225,2562.7176306917054,0.0711814367024362,0.32670119404792786,1366.30603504849,0.05681594833731651,129.19921875
genres/reggae/reggae.00084.wav,-150.92636108398438,111.8030014038086,2.9273293018341064,42.73323059082031,-3.5899298191070557,15.156658172607422,3.4394965171813965,0.19296403229236603,-4.714603424072266,3.854654550552368,-0.8910943865776062,-5.358569622039795,0.6897559762001038,-1.2177814245224,-5.046679973602295,-5.063717842102051,-8.564088821411133,-7.99191427230835,-5.302536487579346,-1.4623712301254272,2120.44045977558,3818.179979789008,0.07597437222061099,0.32262852787971497,1787.7487856592022,0.11427191644906998,99.38401442307692
genres/reggae/reggae.00085.wav,-175.08767700195312,116.66506958007812,-55.1407470703125,59.92241287231445,1.966768741607666,1.1043766736984253,14.590327262878418,-3.2197506427764893,2.7934746742248535,5.705888748168945,-1.8393661975860596,7.879387378692627,0.3937615156173706,0.037213556468486786,-1.1662309169769287,-4.511139392852783,-2.9468846321105957,-3.680708169937134,-2.5063092708587646,-7.052605152130127,1649.2674894614088,3439.308849786108,0.0993631573859242,0.3959367275238037,1796.8287814761795,0.11959236860275269,86.1328125
genres/reggae/reggae.00086.wav,42.039432525634766,37.37158203125,-7.946182727813721,4.5282721519470215,8.987508773803711,3.5445332527160645,3.1124956607818604,1.637354850769043,6.2862443923950195,1.8392934799194336,-0.5618250966072083,-0.3939879238605499,1.625504493713379,2.91741681098938,0.38308095932006836,-2.3183789253234863,-4.13814115524292,-2.2003519535064697,-3.3386662006378174,-1.8535182476043701,2844.2252455975567,7625.376860226943,0.26014779098994584,0.6636847257614136,4435.243901087336,0.3510546386241913,129.19921875
genres/reggae/reggae.00087.wav,-110.19047546386719,48.53022003173828,29.649078369140625,18.428829193115234,-0.4788636267185211,4.649607181549072,-2.266666889190674,-6.606980800628662,-2.1688485145568848,-0.16158272325992584,-0.6826526522636414,0.543082058429718,1.9096065759658813,-1.0507750511169434,1.7288483381271362,0.8249464631080627,-1.6841771602630615,2.656869411468506,3.09879207611084,3.751805067062378,3065.071747440371,6910.651045443011,0.12183240284222738,0.38758522272109985,3296.900340204687,0.20778287947177887,83.35433467741936
genres/reggae/reggae.00088.wav,-75.21106719970703,44.851070404052734,10.090386390686035,1.155494213104248,1.1521580219268799,-3.128512144088745,0.13360507786273956,0.05785655975341797,-3.4586188793182373,0.10377265512943268,-1.927264928817749,-2.3091773986816406,-0.06556697189807892,-3.485167980194092,-0.37858834862709045,-2.7247250080108643,2.518625497817993,-0.981329083442688,3.631049633026123,-2.602210283279419,3361.7991843399823,8249.731501957656,0.18918764803267596,0.3755420446395874,3881.1260234004826,0.12009081244468689,107.666015625
genres/reggae/reggae.00089.wav,-194.34181213378906,157.13377380371094,-14.162339210510254,44.09514617919922,3.4730849266052246,17.465660095214844,2.969146251678467,5.839356422424316,3.0064334869384766,1.0791516304016113,2.576331615447998,0.7972478866577148,0.6443381905555725,-2.492772340774536,0.8374208211898804,1.3904469013214111,-4.276762962341309,-0.5283136963844299,-1.9652026891708374,-1.3413835763931274,1401.078376805556,2055.438331550899,0.038035334493426144,0.36946073174476624,1052.2093291554495,0.15144991874694824,151.99908088235293
genres/reggae/reggae.00090.wav,-127.27719116210938,65.99645233154297,4.438225746154785,30.03728675842285,16.642423629760742,16.51815414428711,-6.402670860290527,15.292097091674805,4.607177257537842,5.082119464874268,5.5819501876831055,-0.7858736515045166,6.057442665100098,3.7903881072998047,-2.1808629035949707,1.998498558998108,-5.572653770446777,7.7719316482543945,-1.518996238708496,5.007197856903076,2676.1258673229786,5796.886498966793,0.13065696297370458,0.4698793888092041,2868.233682713918,0.144260972738266,151.99908088235293
genres/reggae/reggae.00091.wav,-159.90151977539062,92.84687805175781,-28.74367332458496,31.4356689453125,-6.6241841316223145,12.659293174743652,0.8625208735466003,10.955179214477539,-2.0856833457946777,3.6677675247192383,3.5636510848999023,0.32764503359794617,8.555527687072754,2.8379204273223877,6.741148471832275,4.863227367401123,-7.0094075202941895,3.9774043560028076,-0.7458224296569824,-0.3101801574230194,2179.842953960177,4559.143661180395,0.12383575321442382,0.39790162444114685,2313.837204589046,0.06887757033109665,143.5546875
genres/reggae/reggae.00092.wav,-138.12205505371094,101.48216247558594,-35.343780517578125,36.13929748535156,-9.510808944702148,14.766629219055176,-0.24059925973415375,11.524782180786133,-2.1052603721618652,3.4101874828338623,4.2062859535217285,0.14254111051559448,9.014046669006348,2.7660539150238037,6.242588996887207,5.730652809143066,-7.947048187255859,5.203198432922363,-1.4863479137420654,0.4631473124027252,2054.465985810348,4306.240936774942,0.11999294578982986,0.398761123418808,2170.5445050582416,0.09222099184989929,143.5546875
genres/reggae/reggae.00093.wav,-147.48876953125,113.32284545898438,-6.315885066986084,9.105177879333496,24.55863380432129,-9.785895347595215,13.157573699951172,-2.002988338470459,-2.699877977371216,12.218941688537598,-4.130988121032715,-1.021992564201355,1.962854027748108,1.4776333570480347,0.00897674635052681,-2.99204158782959,-3.5767972469329834,-3.8816022872924805,-0.4967828392982483,-3.0630128383636475,2526.944606465915,4604.591543104699,0.0892859840245553,0.3709806203842163,2108.899077249276,0.10712913423776627,89.10290948275862
genres/reggae/reggae.00094.wav,-97.74687957763672,108.83124542236328,-24.916160583496094,21.304542541503906,12.560809135437012,7.772594451904297,-3.2837140560150146,3.5324554443359375,0.6926851868629456,4.1939921379089355,-9.66618824005127,4.267922401428223,2.4615843296051025,-6.629178047180176,-3.1593565940856934,-1.0963082313537598,-4.825982093811035,-0.11778467893600464,-7.431251525878906,-7.703559398651123,2129.837892059318,3834.300738199681,0.09561853489945862,0.3656037449836731,2022.476850468898,0.1347530484199524,129.19921875
genres/reggae/reggae.00095.wav,-69.00836181640625,79.14764404296875,13.090505599975586,29.389802932739258,0.2830182611942291,4.157033920288086,-0.4378512501716614,0.18406029045581818,2.808901786804199,0.6066118478775024,-2.8005454540252686,-0.5115621089935303,-3.1768956184387207,-7.217271327972412,-4.4101715087890625,-6.804811477661133,-9.389655113220215,-2.343829393386841,-5.939578056335449,-7.361754894256592,2787.4363360553743,5718.972275594548,0.1031685790071539,0.42428404092788696,2617.0246827237293,0.1623404175043106,123.046875
genres/reggae/reggae.00096.wav,-166.97030639648438,116.66727447509766,-44.26408004760742,70.55626678466797,2.307065486907959,16.03057861328125,12.49992561340332,4.086876392364502,5.316354751586914,4.511726379394531,7.302684307098389,7.5875139236450195,2.911794900894165,1.4875744581222534,1.1319581270217896,-3.12965989112854,-1.9621875286102295,-1.0040346384048462,-4.650794982910156,-4.948742389678955,1577.9775336619002,3183.466751558875,0.0796547968629157,0.4163390100002289,1629.7999503056221,0.16222959756851196,89.10290948275862
genres/reggae/reggae.00097.wav,-142.7797088623047,103.12828826904297,-15.233026504516602,38.27574920654297,-13.001492500305176,2.755908489227295,-1.6653074026107788,-3.438277244567871,-4.456930160522461,-9.294200897216797,-10.123963356018066,-2.1150646209716797,-4.457651138305664,-7.910069942474365,-3.740126371383667,0.5146465301513672,-5.02569580078125,0.31158098578453064,1.5778790712356567,1.2094191312789917,2110.8352195158104,4136.972973462877,0.09398639912026295,0.2719774544239044,2006.8922118496657,0.11074616760015488,161.4990234375
genres/reggae/reggae.00098.wav,-134.5703582763672,93.52682495117188,8.514836311340332,34.874969482421875,3.2860934734344482,15.51530933380127,4.97723388671875,8.551085472106934,-1.3025377988815308,2.722769260406494,5.070638179779053,11.864219665527344,4.42165994644165,2.067283868789673,1.3203166723251343,0.2955307960510254,-2.340441942214966,0.37832528352737427,0.9121671319007874,-0.44255712628364563,2398.102836966084,4462.743857399217,0.0648337804524362,0.41003862023353577,2026.2989854128027,0.13920308649539948,123.046875
genres/reggae/reggae.00099.wav,-67.0628662109375,80.68953704833984,-43.871212005615234,57.72737121582031,-12.792741775512695,33.587459564208984,-7.736652851104736,14.120294570922852,-1.234118938446045,7.419506549835205,-2.040987014770508,6.100951671600342,-6.632662773132324,-1.0046660900115967,-4.764125823974609,1.0638725757598877,3.5041236877441406,4.545272350311279,-1.29019296169281,-3.1474270820617676,2006.391108310436,4723.482136383411,0.13959632395591648,0.4311060607433319,2467.092359850695,0.18017694354057312,117.45383522727273
